artist_id,name,spotify_id,spotify_popularity,spotify_followers,tour_date_count,spotify_checked_at,updated_at
K8vZ917-R2V,Certified Psychos,3mUFTtzjnTFF4T69cpxFwo,,,1,,2026-09-30T12:34:27Z
K8vZ917-Yvf,Journey vs Foreigner: A Tribute,,,,1,,2026-09-30T12:34:27Z
K8vZ917-aHV,Dalvin La Melodia,,,,10,,2026-09-30T12:34:27Z
K8vZ917-iQf,ezcodylee,4ZmwdJnMTqHie4HvzBd0rC,,,4,,2026-09-30T12:34:27Z
K8vZ917-lxV,Roger Waters Presents LEGACY - A Pink Floyd Show,,,,33,,2026-09-30T12:34:27Z
K8vZ917-mH7,ZillaKami,,,,1,,2026-09-30T12:34:27Z
K8vZ917-mm0,Ian Cordova,,,,1,,2026-09-30T12:34:27Z
K8vZ917123V,The Marshall Tucker Band,59QxeZBL6k9L4oJBGSyukd,,,10,,2026-09-30T12:34:27Z
K8vZ9171287,Lynyrd Skynyrd,4MVyzYMgTwdP7Z49wAZHx0,,,10,,2026-09-30T12:34:27Z
K8vZ91712UV,Three Dog Night,4FAEZeJcsYYBkNq2D3KGTV,,,24,,2026-09-30T12:34:27Z
K8vZ91712Vf,Styx,4salDzkGmfycRqNUbyBphh,,,25,,2026-09-30T12:34:27Z
K8vZ91712df,Jefferson Starship,3HC7NcxQx2Yk0fWoRKJ0xF,,,12,,2026-09-30T12:34:27Z
K8vZ91712w7,Sting,0Ty63ceoRnnJKVEYP0VQpk,,,40,,2026-09-30T12:34:27Z
K8vZ917135f,Rod Stewart,2y8Jo9CKhJvtfeKOsYzRdT,,,32,,2026-09-30T12:34:27Z
K8vZ91713m0,Collective Soul,4e5V1Q2dKCzbLVMQ8qbTn6,,,13,,2026-09-30T12:34:27Z
K8vZ91714lV,The Pharcyde,7yk35uHNQclPXFGFoTU44w,,,7,,2026-09-30T12:34:27Z
K8vZ91715MV,Marisela,3ZYLfVvpf1UySwxv9fy7JC,,,10,,2026-09-30T12:34:27Z
K8vZ917188f,Queensryche,2OgUPVlWYgGBGMefZgGvCO,,,4,,2026-09-30T12:34:27Z
K8vZ91718A7,Chubby Checker,7qQJQ3YtcGlqaLg5tcypN2,,,1,,2026-09-30T12:34:27Z
K8vZ91718k0,Four Tops,7fIvjotigTGWqjIz6EP1i4,,,9,,2026-09-30T12:34:27Z
K8vZ91718pf,Santana,6GI52t8N5F02MxU0g5U69P,,,24,,2026-09-30T12:34:27Z
K8vZ91719Rf,Leftover Salmon,2dU9NlAClSjQtKoVgUQwdz,,,5,,2026-09-30T12:34:27Z
K8vZ91719TV,Eric Benet,1kjO72M26jZkv0aaGxJaov,,,9,,2026-09-30T12:34:27Z
K8vZ9171C-f,Kansas,2hl0xAkS2AIRAu23TVMBG1,,,18,,2026-09-30T12:34:27Z
K8vZ9171CDV,Great White,6ZPbX2Lxd40e2UVkXpyxvI,,,6,,2026-09-30T12:34:27Z
K8vZ9171CJV,Little Feat,0ZIwOAzDuGPspzK7yiTc4S,,,19,,2026-09-30T12:34:27Z
K8vZ9171CV7,Emerson Lake and Palmer,,,,3,,2026-09-30T12:34:27Z
K8vZ9171EXf,Nickelback,6deZN1bslXzeGvOLaLMOIF,,,6,,2026-09-30T12:34:27Z
K8vZ9171Evf,Joe,3zTOe1BtyTkwNvYZOxXktX,,,9,,2026-09-30T12:34:27Z
K8vZ9171F20,Clint Black,3Ay15wt0QChT4Kapsuw5Jt,,,15,,2026-09-30T12:34:27Z
K8vZ9171FBf,Primus,64mPnRMMeudAet0E62ypkx,,,6,,2026-09-30T12:34:27Z
K8vZ9171FGV,The Waterboys,5TnuP42pw475UrjjeabtwZ,,,3,,2026-09-30T12:34:27Z
K8vZ9171FbV,The Mavericks,4Ud7lY9V8pOyydumajSW3O,,,17,,2026-09-30T12:34:27Z
K8vZ9171FqV,Adam Ant,3QP0XPDwbvGivqDAaJ5f5G,,,5,,2026-09-30T12:34:27Z
K8vZ9171G9V,Metallica,2ye2Wgw4gimLv2eAKyk1NB,,,77,,2026-09-30T12:34:27Z
K8vZ9171Gy0,38 Special,3zXw2Eh96iTT51pytzHdZi,,,16,,2026-09-30T12:34:27Z
K8vZ9171H2f,Laura Pausini,2e4nwiX8ZCU09LGLOpeqTH,,,18,,2026-09-30T12:34:27Z
K8vZ9171IA0,Dark Star Orchestra,4VjljDo2biBRVJ1WEXZ8GE,,,34,,2026-09-30T12:34:27Z
K8vZ9171Ky7,8ball & MJG,,,,12,,2026-09-30T12:34:27Z
K8vZ9171LQf,106.1 KISS FM's Jingle Ball,,,,1,,2026-09-30T12:34:27Z
K8vZ9171Lz0,Slipknot,05fG473iIaoy82BF1aGhL8,,,16,,2026-09-30T12:34:27Z
K8vZ9171MIV,Tierney Sutton,,,,3,,2026-09-30T12:34:27Z
K8vZ9171NGf,Death Cab for Cutie,0YrtvWJMgSdVrk3SfNjTbx,,,25,,2026-09-30T12:34:27Z
K8vZ9171Q8f,Jingle Ball,,,,9,,2026-09-30T12:34:27Z
K8vZ9171SG7,Oprah Winfrey,,,,4,,2026-09-30T12:34:27Z
K8vZ9171SN7,John Mayer,0hEurMDQu99nJRq8pTxO14,,,8,,2026-09-30T12:34:27Z
K8vZ9171TF0,Q102 Jingle Ball,,,,1,,2026-09-30T12:34:27Z
K8vZ9171VS7,Pete Yorn,5l2EAkfckNPYZbEDbQtEkO,,,8,,2026-09-30T12:34:27Z
K8vZ9171XU7,Brian Culbertson,4WQ8grqJHB2Y0IDjpro1FE,,,5,,2026-09-30T12:34:27Z
K8vZ9171Xp0,Red Wanting Blue,0ZAPCFYJyRqX63YsDhRAc8,,,2,,2026-09-30T12:34:27Z
K8vZ9171Yqf,MANIA: The ABBA Tribute,,,,66,,2026-09-30T12:34:27Z
K8vZ9171aD0,Spyro Gyra,1Be36RHAlqJpfUt3tsmUQD,,,7,,2026-09-29T22:38:20Z
K8vZ9171f30,Kenny Chesney,3grHWM9bx2E9vwJCdlRv9O,,,19,,2026-09-30T12:34:27Z
K8vZ9171fB0,Preservation Hall Jazz Band,2S0rCVs10P1Q0v51wmOrM5,,,2,,2026-09-30T12:34:27Z
K8vZ9171fm0,Tinsley Ellis,56LMX8mqaIhJCaxjZBM1on,,,2,,2026-09-30T12:34:27Z
K8vZ9171fvf,Beck,3vbKDsSS70ZX9D2OcvbZmS,,,26,,2026-09-30T12:34:27Z
K8vZ9171h90,Dru Hill,1255GTUKNCLCTvH9ctD4cT,,,7,,2026-09-30T12:34:27Z
K8vZ9171h9V,Marc Anthony,4wLXwxDeWQ8mtUIRPxGiD6,,,15,,2026-09-30T12:34:27Z
K8vZ9171h_V,Dropkick Murphys,,,,28,,2026-09-30T12:34:27Z
K8vZ9171iM7,Yonder Mountain String Band,,,,10,,2026-09-30T12:34:27Z
K8vZ9171jSf,Mariachi Sol De Mexico,6TWAmC8OsAPKl8kgNVwAe1,,,5,,2026-09-30T12:34:27Z
K8vZ9171jX0,moe.,2ZfHMUPrxoZNDTBPHmmdhj,,,15,,2026-09-30T12:34:27Z
K8vZ9171mxf,Old 97's,27AzFtMZhRN78bAMPntbpF,,,1,,2026-09-30T12:34:27Z
K8vZ9171rq0,A Perfect Circle,4DFhHyjvGYa9wxdHUjtDkc,,,34,,2026-09-30T12:34:27Z
K8vZ9171u07,Air Supply,4xXCRXOfQKQ2gjWxNhNzYW,,,38,,2026-09-30T12:34:27Z
K8vZ9171u0V,Chicago,3iDD7bnsjL9J4fO298r0L0,,,20,,2026-09-30T12:34:27Z
K8vZ9171uV7,Bret Michaels,1eKucUW0u8DXDBkNCewl0m,,,1,,2026-09-30T12:34:27Z
K8vZ9171uqV,Paul Anka,7ceUfdWq2t5nbatS6ollHh,,,10,,2026-09-30T12:34:27Z
K8vZ9171yZ7,Chris Botti,3eFo5fMv53RYZBYlvT5Z6a,,,77,,2026-09-30T12:34:27Z
K8vZ91720Jf,Chris Farren,6wnLSjE93qaj9uf3rVaM3N,,,2,,2026-09-30T12:34:27Z
K8vZ91723C0,Frank Foster,77GSkIzDaduRlIbNjlvefc,,,3,,2026-09-30T12:34:27Z
K8vZ91728Cf,Autumn,,,,1,,2026-09-30T12:34:27Z
K8vZ9172S_V,Sons of Cream,,,,15,,2026-09-30T12:34:27Z
K8vZ9172jSV,Father John Misty,2kGBy2WHvF0VdZyqiVCkDT,,,2,,2026-09-30T12:34:27Z
K8vZ9172uRV,Lukas Graham,25u4wHJWxCA9vO0CzxAbK7,,,27,,2026-09-30T12:34:27Z
K8vZ9173IbV,Riley Green,2QMsj4XJ7ne2hojxt6v5eb,,,39,,2026-09-30T12:34:27Z
K8vZ9173Mef,We Can Survive,,,,1,,2026-09-30T12:34:27Z
K8vZ9173U17,Buckeye Country Superfest,,,,1,,2026-09-30T12:34:27Z
K8vZ9173V70,ILLENIUM,45eNHdiiabvmbp4erw26rg,,,4,,2026-09-30T12:34:27Z
K8vZ9173f5f,The Chuck Brown Band,2ssIfCr0vMmCuesIw9U4eg,,,1,,2026-09-30T12:34:27Z
K8vZ9173fg0,Testify,,,,2,,2026-09-30T12:34:27Z
K8vZ91742SV,Valentine's Super Love Jam,,,,1,,2026-09-30T12:34:27Z
K8vZ91749Bf,Scott Miller,,,,1,,2026-09-30T12:34:27Z
K8vZ91749z0,Shoshana Bean,,,,3,,2026-09-30T12:34:27Z
K8vZ9174BN0,Michael Buble Tribute Show,,,,1,,2026-09-30T12:34:27Z
K8vZ9174IS0,John Lodge,5o1To8xDQy2hlFU4AoyRFf,,,3,,2026-09-30T12:34:27Z
K8vZ9174RP7,Two Friends,44Ewva5aHOX00EwaX2D2mh,,,7,,2026-09-30T12:34:27Z
K8vZ9174hA7,A Boogie Wit Da Hoodie,31W5EY0aAly4Qieq6OFu6I,,,6,,2026-09-30T12:34:27Z
K8vZ9174hJ7,Emo Night Brooklyn,,,,16,,2026-09-30T12:34:27Z
K8vZ9174jJ7,Loud Luxury,6t1gpxYbY8OlLA7D2RiikQ,,,3,,2026-09-30T12:34:27Z
K8vZ9174mN7,Valley,7blXVKBSxdFZsIqlhdViKc,,,41,,2026-09-30T12:34:27Z
K8vZ9174oj7,Bleeding Through,41btkKEfOGIHsd7WNahMCi,,,2,,2026-09-30T12:34:27Z
K8vZ9174s67,Steve Lacy,57vWImR43h4CaDao012Ofp,,,32,,2026-09-30T12:34:27Z
K8vZ9174taV,Midland,1DTZRmlVZBxx2wRQBtx6yi,,,13,,2026-09-30T12:34:27Z
K8vZ91750Af,Wade Bowen,3OftZbLfcqulxWNZMX8zLI,,,6,,2026-09-30T12:34:27Z
K8vZ9175Hz7,Gnarls Barkley,,,,11,,2026-09-29T22:38:20Z
K8vZ9175KoV,Oteil Burbridge,5NxOynAoF4PRKsFHH5LhGL,,,13,,2026-09-30T12:34:27Z
K8vZ9175Sn0,Gov't Mule,5zoKOcTDI9EMOhGNaxL708,,,21,,2026-09-30T12:34:27Z
K8vZ9175Tjf,Black Stone Cherry,6WMo39FU3nrpSz3qMgRKug,,,24,,2026-09-29T22:38:20Z
K8vZ9175_of,Senses Fail,,,,25,,2026-09-30T12:34:27Z
K8vZ9175dT0,Kermit Ruffins,31jfl8olSWuzzR8ABt6Bdk,,,1,,2026-09-30T12:34:27Z
K8vZ9175dh0,Wookiefoot,4qD6ABoI7PKjZCdTYodIaH,,,5,,2026-09-30T12:34:27Z
K8vZ9175kM0,The Starting Line,3E3xrZtBU5ORqcmX78v5YZ,,,17,,2026-09-30T12:34:27Z
K8vZ9175kd7,Donald Harrison,,,,7,,2026-09-30T12:34:27Z
K8vZ9175lu0,Death From Above 1979,18H0sAptzdwid08XGg1Lcj,,,24,,2026-09-30T12:34:27Z
K8vZ9175mMf,Sara Bareilles,2Sqr0DXoaYABbjBo9HaMkM,,,17,,2026-09-30T12:34:27Z
K8vZ9175mu7,Black Label Society,0zfT626RwO6zN3RDYeRit5,,,32,,2026-09-30T12:34:27Z
K8vZ9175nZV,Mannheim Steamroller Christmas,0EeHVtSdrYibpGDVHjWEpe,,,58,,2026-09-30T12:34:27Z
K8vZ9175rEf,Hilary Duff,,,,51,,2026-09-30T12:34:27Z
K8vZ9175rWf,Wailin' Jennys,331QVEZKK1yz5KhYiR2pBj,,,6,,2026-09-30T12:34:27Z
K8vZ9175sFV,Rob Thomas,3aBkeBhwadnWMWoVJ2CxJC,,,6,,2026-09-30T12:34:27Z
K8vZ9175z3V,Brandi Carlile,2sG4zTOLvjKG1PSoOyf5Ej,,,43,,2026-09-30T12:34:27Z
K8vZ9175zP7,Almost Queen,,,,9,,2026-09-30T12:34:27Z
K8vZ9178QSV,Kiss 108's Jingle Ball,,,,1,,2026-09-30T12:34:27Z
K8vZ9178hRf,Hot 99.5's Jingle Ball,,,,1,,2026-09-30T12:34:27Z
K8vZ9178mgV,CBDB,,,,1,,2026-09-30T12:34:27Z
K8vZ9178rl7,Old Dominion,6y8XlgIV8BLlIg1tT1R10i,,,4,,2026-09-30T12:34:27Z
K8vZ9178z90,The Piano Guys,0jW6R8CVyVohuUJVcuweDI,,,7,,2026-09-30T12:34:27Z
K8vZ9179Tr0,Gabriela Bee,,,,1,,2026-09-30T12:34:27Z
K8vZ9179We7,Gipsy Kings featuring Nicolas Reyes,,,,14,,2026-09-30T12:34:27Z
K8vZ9179Xd0,Club 90s,,,,12,,2026-09-29T22:38:20Z
K8vZ9179YL7,Leonid & Friends,238tF244RAl3ApUAr23NVc,,,64,,2026-09-30T12:34:27Z
K8vZ9179bb7,The Brook & The Bluff,4dWtsQvuME6tCWFycaTvO7,,,20,,2026-09-30T12:34:27Z
K8vZ9179mC0,Lennon Stella,1cZQSpDsxgKIX2yW5OR9Ot,,,2,,2026-09-30T12:34:27Z
K8vZ917C2p7,Cannons,,,,18,,2026-09-30T12:34:27Z
K8vZ917CBQf,La Firma,,,,2,,2026-09-30T12:34:27Z
K8vZ917CDT0,Strictly Hip,,,,2,,2026-09-30T12:34:27Z
K8vZ917CW60,Ha*Ash,5xd2Tg7Zo8755eCy8Gxkp8,,,19,,2026-09-30T12:34:27Z
K8vZ917CZHV,Agnes Obel,1rKrEdI6GKirxWHxIUPYms,,,19,,2026-09-30T12:34:27Z
K8vZ917Cgvf,Fantasia,7xAcVHPiirnUqfdqo0USb1,,,22,,2026-09-30T12:34:27Z
K8vZ917Ck7f,Guitars & Stars,,,,2,,2026-09-30T12:34:27Z
K8vZ917G0LV,Koffin Kats,5SlxIxRqgFVFeSfpG6SHdf,,,9,,2026-09-30T12:34:27Z
K8vZ917G1G7,NEEDTOBREATHE,610EjgFatGvVPtib97jQ8G,,,20,,2026-09-30T12:34:27Z
K8vZ917G5gV,All Time Low,46gyXjRIvN1NL1eCB8GBxo,,,5,,2026-09-30T12:34:27Z
K8vZ917G930,La Roux,,,,17,,2026-09-30T12:34:27Z
K8vZ917GEfV,Get the Led Out,,,,36,,2026-09-30T12:34:27Z
K8vZ917GIL7,Ivy Queen,6p2442ymrT9lZEuCZJdYcH,,,2,,2026-09-30T12:34:27Z
K8vZ917GI_0,Dailey & Vincent,,,,5,,2026-09-30T12:34:27Z
K8vZ917GU-V,Young the Giant,4j56EQDQu5XnL7R3E9iFJT,,,8,,2026-09-30T12:34:27Z
K8vZ917GZFf,Daughtry,5P5FTygHyx2G57oszR3Wot,,,46,,2026-09-30T12:34:27Z
K8vZ917GZg0,Bruce in the USA,,,,2,,2026-09-30T12:34:27Z
K8vZ917GcKf,Lucero,1MspPfENB9nzFGaagXmF7R,,,9,,2026-09-30T12:34:27Z
K8vZ917GfO0,Hairball,5pXemswsTgC3rU3gJcExK6,,,18,,2026-09-30T12:34:27Z
K8vZ917GiDf,Former Ladies of the Supremes,,,,2,,2026-09-30T12:34:27Z
K8vZ917Glb0,Deana Martin,,,,1,,2026-09-30T12:34:27Z
K8vZ917Gm3f,The Band Perry,,,,7,,2026-09-30T12:34:27Z
K8vZ917GmFf,The Movement,,,,8,,2026-09-30T12:34:27Z
K8vZ917Gn3f,Matthew West,6e8OTLDQpaz1Tl2GEaxsNj,,,28,,2026-09-30T12:34:27Z
K8vZ917Gvy7,Kate Nash,5vBKu1igxFo6g1sHADkIdg,,,6,,2026-09-30T12:34:27Z
K8vZ917KBRV,iHeartRadio Jingle Ball,,,,9,,2026-09-30T12:34:27Z
K8vZ917KKhf,Merkules,4oYZcPoj3q3DneXomtQBzg,,,12,,2026-09-30T12:34:27Z
K8vZ917Kr-f,Dylan Scott,78YqeIji3mgAS2K1Maca6x,,,22,,2026-09-30T12:34:27Z
K8vZ917KrPf,Milk & Bone,4fmvA5uVlZUNsje29D1PaW,,,3,,2026-09-30T12:34:27Z
K8vZ917Kvpf,Jason Aldean Tribute,,,,1,,2026-09-30T12:34:27Z
K8vZ917L-Y0,The Band Memo,,,,3,,2026-09-30T12:34:27Z
K8vZ917L-fV,House of Heavy,,,,7,,2026-09-30T12:34:27Z
K8vZ917L-hV,TOMORA,,,,6,,2026-09-30T12:34:27Z
K8vZ917LMH0,Niki Haris,,,,2,,2026-09-30T12:34:27Z
K8vZ917Ldof,Fabrizio,0PFfIFgLmqHJOlRocks9Cr,,,1,,2026-09-30T12:34:27Z
K8vZ917LhV7,The Princess Proms Concert,,,,7,,2026-09-30T12:34:27Z
K8vZ917LjMf,Megan Woods,,,,30,,2026-09-30T12:34:27Z
K8vZ917LkDV,The Carole King & James Taylor Story,,,,3,,2026-09-30T12:34:27Z
K8vZ917Lpx0,Red Worship,0avkhg4DlPSxuCE9Ycy66w,,,17,,2026-09-30T12:34:27Z
K8vZ917LqU7,2slimey,0ZXbQLu4a7sk3iQ8tlgFy4,,,4,,2026-09-30T12:34:27Z
K8vZ917Lwjf,Liberace & Liza: A Tribute,,,,2,,2026-09-30T12:34:27Z
K8vZ917Lyh0,Trap Orchestra Live!,,,,1,,2026-09-30T12:34:27Z
K8vZ917Q-Gf,Sungazer,,,,5,,2026-09-30T12:34:27Z
K8vZ917Q-Zf,King George,,,,4,,2026-09-30T12:34:27Z
K8vZ917Q197,Games We Play,4yP4eYthbuCNIcoQtqwj40,,,27,,2026-09-30T12:34:27Z
K8vZ917Q4fV,Ryan Castro,,,,6,,2026-09-30T12:34:27Z
K8vZ917QBeV,Honey Revenge,,,,24,,2026-09-30T12:34:27Z
K8vZ917QE6V,Surfer Girl,,,,14,,2026-09-30T12:34:27Z
K8vZ917QFe7,The Sixties Show,,,,10,,2026-09-30T12:34:27Z
K8vZ917QJrV,Tidewater Winds,,,,1,,2026-09-30T12:34:27Z
K8vZ917QO80,Dylan Wheeler,,,,3,,2026-09-30T12:34:27Z
K8vZ917QQw0,Hunxho,,,,22,,2026-09-30T12:34:27Z
K8vZ917QSYV,The Kings of Queen - Queen Tribute,,,,1,,2026-09-30T12:34:27Z
K8vZ917QTV0,Braxton Keith,,,,50,,2026-09-30T12:34:27Z
K8vZ917QVQf,Blondshell,7qrEXiLLnWkkYHhadZ1Oij,,,23,,2026-09-30T12:34:27Z
K8vZ917QXc7,Britnee Kellogg,,,,1,,2026-09-30T12:34:27Z
K8vZ917Qhof,Davion Farris,,,,1,,2026-09-30T12:34:27Z
K8vZ917QnGf,Hot Freaks,0wGzciem2JUvglxX6Hr3E9,,,8,,2026-09-30T12:34:27Z
K8vZ917QvHV,Yebba,,,,16,,2026-09-29T22:38:20Z
K8vZ917Qwg0,Mercer Henderson,1CaCR4aY8KkwBTIVgAsl2L,,,1,,2026-09-30T12:34:27Z
K8vZ917Qzp7,Revisiting Creedence,,,,4,,2026-09-30T12:34:27Z
K8vZ917Qzv0,Seb Lowe,,,,17,,2026-09-30T12:34:27Z
K8vZ917_4H0,Bresh,,,,2,,2026-09-30T12:34:27Z
K8vZ917_Fw0,You've Got A Friend: Songs Of Carole King,,,,1,,2026-09-30T12:34:27Z
K8vZ917_JAV,Drew & Ellie Holcomb,,,,15,,2026-09-30T12:34:27Z
K8vZ917_c_f,Showtune Productions,,,,4,,2026-09-30T12:34:27Z
K8vZ917_dqf,Terrian,19TPpTWkgX13Qc2stbqVoP,,,19,,2026-09-30T12:34:27Z
K8vZ917_p3V,Lizzy McAlpine,,,,33,,2026-09-30T12:34:27Z
K8vZ917_pO7,John Summit,,,,29,,2026-09-30T05:32:38Z
K8vZ917_vlV,The Rocket Man Show,,,,3,,2026-09-30T12:34:27Z
K8vZ917_x80,Jack Kays,24qqDoA4BBXVnPOdHBjT54,,,31,,2026-09-30T12:34:27Z
K8vZ917b0Rf,Foxwoods Beerfest,,,,1,,2026-09-30T12:34:27Z
K8vZ917bGe0,Youth Fountain,,,,15,,2026-09-30T12:34:27Z
K8vZ917bSa7,TKA/K7,,,,1,,2026-09-30T12:34:27Z
K8vZ917bem0,Electric Feels,,,,8,,2026-09-30T12:34:27Z
K8vZ917bg-V,Bree Runway,,,,4,,2026-09-30T12:34:27Z
K8vZ917bop0,The Red Clay Strays,6IKlXZEFOvk9itrP1s0knJ,,,24,,2026-09-30T12:34:27Z
K8vZ917bu67,Chevel Shepherd,,,,1,,2026-09-30T12:34:27Z
K8vZ917byk7,L.A.B.,,,,1,,2026-09-30T12:34:27Z
K8vZ917f8P7,Damien Escobar,2GkMspzmKKkaeX62pwJZhG,,,1,,2026-09-30T12:34:27Z
K8vZ917fA80,Flor de Toloache,1eEJbNVFQTDmQETQpLMoWD,,,3,,2026-09-30T12:34:27Z
K8vZ917fF_7,Pandora's Box Tribute to Aerosmith,,,,2,,2026-09-30T12:34:27Z
K8vZ917fKr0,Night Lovell,2y246nnP9pQT0E6v3ZMMOO,,,20,,2026-09-30T12:34:27Z
K8vZ917fQi7,Too Many Zooz,72rZmJbRFSY6IFJAysfOdr,,,16,,2026-09-30T12:34:27Z
K8vZ917fal0,Blizzard of Oz,,,,1,,2026-09-30T12:34:27Z
K8vZ917fo7V,Dixie National Rodeo,,,,9,,2026-09-30T12:34:27Z
K8vZ917h1Ff,Broadway's Rock Of Ages Band,,,,1,,2026-09-30T12:34:27Z
K8vZ917h2E0,Darkest Hour,,,,5,,2026-09-30T12:34:27Z
K8vZ917h5p0,The Amy Winehouse Band,,,,67,,2026-09-30T12:34:27Z
K8vZ917hNqV,Cure For Paranoia,,,,4,,2026-09-30T12:34:27Z
K8vZ917hOe7,Ninajirachi,,,,11,,2026-09-29T22:38:20Z
K8vZ917hQP0,James Marriott,,,,37,,2026-09-30T12:34:27Z
K8vZ917hRP0,it's murph,,,,8,,2026-09-30T12:34:27Z
K8vZ917hWkV,Bo Staloch,,,,15,,2026-09-30T12:34:27Z
K8vZ917hbRV,QDP,,,,1,,2026-09-30T12:34:27Z
K8vZ917hcof,October London,,,,24,,2026-09-30T12:34:27Z
K8vZ917hiK0,Yacht Lobsters,,,,3,,2026-09-30T12:34:27Z
K8vZ917hjg0,Wasia Project,,,,16,,2026-09-30T12:34:27Z
K8vZ917hpL0,The Ultimate Doors,,,,5,,2026-09-30T12:34:27Z
K8vZ917hu8V,Sammy Rae & The Friends,,,,35,,2026-09-30T12:34:27Z
K8vZ917hxc7,Devon Gabriella,,,,4,,2026-09-30T12:34:27Z
K8vZ917jLS0,Louie TheSinger,,,,6,,2026-09-30T12:34:27Z
K8vZ917jPOV,Matt Quinn,,,,1,,2026-09-30T12:34:27Z
K8vZ917jUef,Haiden Henderson,79xvSUqngetd6CbJ1bgb4p,,,28,,2026-09-30T12:34:27Z
K8vZ917jZ3f,Tell Me Lies - The Fleetwood Mac Experience,,,,4,,2026-09-30T12:34:27Z
K8vZ917jfKf,Nemzzz,,,,21,,2026-09-29T22:38:20Z
K8vZ917oD87,Zeppelin USA,,,,4,,2026-09-30T12:34:27Z
K8vZ917oDrV,DJ Snake,540vIaP2JwjQb9dm3aArA4,,,3,,2026-09-30T12:34:27Z
K8vZ917oQG0,Hero the Band,,,,1,,2026-09-30T12:34:27Z
K8vZ917oanf,The Interrupters,25Maank76ry2Tmbi2Ql1SF,,,29,,2026-09-30T12:34:27Z
K8vZ917odXf,RaeLynn,5dMnvpYEfXvSexjwnSRH5n,,,2,,2026-09-30T12:34:27Z
K8vZ917ofc0,Northlane,3qyg72RGnGdF521zMU02u9,,,35,,2026-09-30T12:34:27Z
K8vZ917og5f,103.5 Kiss FM's Jingle Ball,,,,1,,2026-09-30T12:34:27Z
K8vZ917ohff,Deorro,6VD4UEUPvtsemqD3mmTqCR,,,11,,2026-09-30T12:34:27Z
K8vZ917p1ZV,Jeremy’s Ten,,,,1,,2026-09-30T12:34:27Z
K8vZ917p2Bf,The Last Revel,2PyWfmEeKmRNhQkAJ1zJXw,,,7,,2026-09-30T12:34:27Z
K8vZ917p6T0,Grateful Shred,44G9mngUyQol4lNhoPIamb,,,20,,2026-09-30T12:34:27Z
K8vZ917pWpV,Kim Petras,3Xt3RrJMFv5SZkCfUE8C1J,,,4,,2026-09-30T12:34:27Z
K8vZ917phI7,Omer Adam,1IAEef07H0fd9aA8aUHUlL,,,2,,2026-09-30T12:34:27Z
K8vZ917pkB0,Boosie BadAzz,6z7xFFHxYkE9t8bwIF0Bvg,,,13,,2026-09-30T12:34:27Z
K8vZ917ppmf,Trippie Redd,6Xgp2XMz1fhVYe7i6yNAax,,,31,,2026-09-30T12:34:27Z
K8vZ917pxl0,Cory Wong,6xt9sJmmyYwWkJv8A6ssiU,,,14,,2026-09-30T12:34:27Z
K8vZ917qDOf,Stan Society,,,,7,,2026-09-30T12:34:27Z
K8vZ917qHc0,Boots 'N Beats,,,,2,,2026-09-30T12:34:27Z
K8vZ917qiZ7,Michael Shannon & Jason Narducy,,,,15,,2026-09-30T12:34:27Z
K8vZ917r5Qf,Ovrkast,,,,2,,2026-09-30T12:34:27Z
K8vZ917rBl7,The Ledbetters,,,,3,,2026-09-30T12:34:27Z
K8vZ917rMJV,Toy Factory Project,,,,1,,2026-09-30T12:34:27Z
K8vZ917rQhf,Kapo,,,,8,,2026-09-30T12:34:27Z
K8vZ917ra40,Spike and the Gimme Gimmes,,,,7,,2026-09-30T12:34:27Z
K8vZ917rhUV,Bronwyn Keith-Hynes,,,,2,,2026-09-30T12:34:27Z
K8vZ917rlDf,To The Limit,,,,2,,2026-09-30T12:34:27Z
K8vZ917rltf,In Color,,,,18,,2026-09-30T12:34:27Z
K8vZ917rmMf,Santa Rave,,,,1,,2026-09-30T12:34:27Z
K8vZ917rsb0,Congress the Band,,,,4,,2026-09-30T12:34:27Z
K8vZ917u4U7,Toast,,,,4,,2026-09-30T12:34:27Z
K8vZ917uBy7,Rayland Baxter,251UrhgNbMr15NLzQ2KyKq,,,11,,2026-09-30T12:34:27Z
K8vZ917uLh7,Danny Brown,7aA592KWirLsnfb5ulGWvU,,,5,,2026-09-29T22:38:20Z
K8vZ917uON7,El Monstero - a Tribute To Pink Floyd,,,,7,,2026-09-30T12:34:27Z
K8vZ917uWUf,Brian Free and Assurance,,,,1,,2026-09-30T12:34:27Z
K8vZ917uZ6V,Yacht Rock Revue,5vJbbFDnRQql9BtSgR9vZH,,,22,,2026-09-30T12:34:27Z
K8vZ917ubK0,Hans Zimmer,0YC192cP3KPCRWx8zr8MfZ,,,40,,2026-09-30T12:34:27Z
K8vZ917ugY7,DJ Cassidy,1xLOb1CC0N70wA28T7Q5uE,,,3,,2026-09-30T12:34:27Z
K8vZ917ujyV,Tommy James and the Shondells,01hRNr3yF5bYnPq4wZ88iI,,,6,,2026-09-30T12:34:27Z
K8vZ917upgV,Sō Percussion,,,,2,,2026-09-30T12:34:27Z
K8vZ917ura7,Face 2 Face,,,,5,,2026-09-30T12:34:27Z
K8vZfZ7EnJk,Niko Rubio,6XdCL1kwMFNqPim2JwXjKa,,,2,,2026-09-30T12:34:27Z
K8vZpZAaAtvk,The Swing Tones,,,,1,,2026-09-30T12:34:27Z
K8vZpZAaJkdk,Castlevania Orchestral Concert,,,,1,,2026-09-30T12:34:27Z
K8vZpZAaaIFk,Billy and The Jets,,,,1,,2026-09-30T12:34:27Z
K8vZpZAaeEvk,RICHARD CORTEZ,1a2UhBSkoQW9aWceDP6RF4,,,1,,2026-09-30T12:34:27Z
K8vZpa4Due,Cherry Bomb,2MpXbvJeuKYA2qyxdB0eCM,,,1,,2026-09-30T12:34:27Z
name:almost creed king jeremy,Almost Creed & King Jeremy,,,,,,2026-09-30T12:34:27Z
name:berkley the artist,Berkley The Artist,,,,,,2026-09-30T12:34:27Z
name:damir imamovic,Damir Imamovic,,,,,,2026-09-30T12:34:27Z
name:jarrod walker,Jarrod Walker,,,,,,2026-09-30T12:34:27Z
name:loft and tristar club premium seating april 30 2027,"Loft and TriStar Club Premium Seating - April 30, 2027",,,,,,2026-09-30T12:34:27Z
name:winter enchanted a magical west end christmas story,Winter Enchanted - A Magical West End Christmas Story,,,,,,2026-09-30T12:34:27Z
name:winter enchanted a west end christmas show,Winter Enchanted - A West End Christmas Show,,,,,,2026-09-30T12:34:27Z
