event_id,predicted_at,mode,demand_score,tier,multiple_low,multiple_high,profit_low,profit_high,confidence,face,resale_median,listing_count,popularity,followers_capacity,scarcity,market
1A4ZkfYGkdAti6q,2026-09-29T22:38:20Z,predicted,0.4182,Low,0.7,1.2,-0.524,-0.184,Low,,,,,,0.0909,0.5
1AvfZ_3GknDrWkb,2026-09-29T22:38:20Z,predicted,0.4182,Low,0.7,1.2,-0.524,-0.184,Low,,,,,,0.0909,0.5
G5eVZ_Keg9N5v,2026-09-29T22:38:20Z,predicted,0.4182,Low,0.7,1.2,-0.524,-0.184,Low,,,,,,0.0909,0.5
k7vGF_K9HKKyV,2026-09-29T22:38:20Z,predicted,0.515,Med,1.2,1.8,-0.184,0.224,Low,,,,,,0.2,1
k7vGF_KdgQqIR,2026-09-29T22:38:20Z,predicted,0.4932,Med,1.2,1.8,-0.184,0.224,Low,,,,,,0.0909,1
k7vGF_Krx6_sH,2026-09-29T22:38:20Z,predicted,0.4932,Med,1.2,1.8,-0.184,0.224,Low,,,,,,0.0909,1
k7vGF_o2Ml2Za,2026-09-29T22:38:20Z,predicted,0.4875,Med,1.2,1.8,-0.184,0.224,Low,,,,,,0.0625,1
vv1AvZkfYGkeEcNaH,2026-09-29T22:38:20Z,predicted,0.4182,Low,0.7,1.2,-0.524,-0.184,Low,,,,,,0.0909,0.5
vv1keZvPG6GA1lxoz,2026-09-29T22:38:20Z,predicted,0.4182,Low,0.7,1.2,-0.524,-0.184,Low,,,,,,0.0909,0.5
vvG1VZ_3TNNTr0,2026-09-29T22:38:20Z,predicted,0.4286,Low,0.7,1.2,-0.524,-0.184,Low,,,,,,0.1429,0.5
vvG1zZ_Kdfjpww,2026-09-29T22:38:20Z,predicted,0.4182,Low,0.7,1.2,-0.524,-0.184,Low,,,,,,0.0909,0.5
vv178Z_3GkHNxTiS,2026-09-29T22:38:20Z,predicted,0.4932,Med,1.2,1.8,-0.184,0.224,Low,,,,,,0.0909,1
vv1kbZ_KZKG7RhZs,2026-09-29T22:38:20Z,predicted,0.4182,Low,0.7,1.2,-0.524,-0.184,Low,,,,,,0.0909,0.5
vvG1zZ_Kru1AVW,2026-09-29T22:38:20Z,predicted,0.4167,Low,0.7,1.2,-0.524,-0.184,Low,,,,,,0.0833,0.5
G5vYZ_3TCSeIv,2026-09-29T22:38:20Z,predicted,0.4182,Low,0.7,1.2,-0.524,-0.184,Low,,,,,,0.0909,0.5
vv110Z_Ked07uI,2026-09-29T22:38:20Z,predicted,0.4932,Med,1.2,1.8,-0.184,0.224,Low,,,,,,0.0909,1
vv1AaZkfsGkdTLJak,2026-09-29T22:38:20Z,predicted,0.4845,Med,1.2,1.8,-0.184,0.224,Low,,,,,,0.0476,1
164ZkfxJ4ZA2671C,2026-09-29T22:38:20Z,predicted,0.44,Low,0.7,1.2,-0.524,-0.184,Low,,,,,,0.2,0.5
16vfZ_333G7mkTL,2026-09-29T22:38:20Z,predicted,0.4049,Low,0.7,1.2,-0.524,-0.184,Low,,,,,,0.0244,0.5
16vfZ_KQpG7t7Iy,2026-09-29T22:38:20Z,predicted,0.4091,Low,0.7,1.2,-0.524,-0.184,Low,,,,,,0.0455,0.5
16vfZ_KZNG7lcZD,2026-09-29T22:38:20Z,predicted,0.4071,Low,0.7,1.2,-0.524,-0.184,Low,,,,,,0.0357,0.5
17FOv0G61RJOFn9,2026-09-29T22:38:20Z,predicted,0.4111,Low,0.7,1.2,-0.524,-0.184,Low,,,,,,0.0556,0.5
1A4ZkfwGkdU1_Zg,2026-09-29T22:38:20Z,predicted,0.4083,Low,0.7,1.2,-0.524,-0.184,Low,,,,,,0.0417,0.5
1A4ZkfwGkez4ieO,2026-09-29T22:38:20Z,predicted,0.4065,Low,0.7,1.2,-0.524,-0.184,Low,,,,,,0.0323,0.5
1AdZZ_3GkmRvUZw,2026-09-29T22:38:20Z,predicted,0.48,Med,1.2,1.8,-0.184,0.224,Low,,,,,,0.025,1
1AeFZ_3GkDWDk5A,2026-09-29T22:38:20Z,predicted,0.4074,Low,0.7,1.2,-0.524,-0.184,Low,,,,,,0.037,0.5
1ApZkftGkdm-WoI,2026-09-29T22:38:20Z,predicted,0.4105,Low,0.7,1.2,-0.524,-0.184,Low,,,,,,0.0526,0.5
1ApZkfxGkdbuj3L,2026-09-29T22:38:20Z,predicted,0.4105,Low,0.7,1.2,-0.524,-0.184,Low,,,,,,0.0526,0.5
1AvbZ_3GkBEP48K,2026-09-29T22:38:20Z,predicted,0.404,Low,0.7,1.2,-0.524,-0.184,Low,,,,,,0.02,0.5
1AvbZ_3GkBx_fB1,2026-09-29T22:38:20Z,predicted,0.405,Low,0.7,1.2,-0.524,-0.184,Low,,,,,,0.025,0.5
1AvbZ_3GkTIMCNy,2026-09-29T22:38:20Z,predicted,0.4074,Low,0.7,1.2,-0.524,-0.184,Low,,,,,,0.037,0.5
1AvfZ_3GkBsS6TR,2026-09-29T22:38:20Z,predicted,0.4074,Low,0.7,1.2,-0.524,-0.184,Low,,,,,,0.037,0.5
1AxZkfYGkexMgrX,2026-09-29T22:38:20Z,predicted,0.405,Low,0.7,1.2,-0.524,-0.184,Low,,,,,,0.025,0.5
1kGZvPGaGA1LecY,2026-09-29T22:38:20Z,predicted,0.405,Low,0.7,1.2,-0.524,-0.184,Low,,,,,,0.025,0.5
G5dYZ_KeDN3Qx,2026-09-29T22:38:20Z,predicted,0.483,Med,1.2,1.8,-0.184,0.224,Low,,,,,,0.04,1
G5diZ_K7aBHDT,2026-09-29T22:38:20Z,predicted,0.5417,Med,1.2,1.8,-0.184,0.224,Low,,,,,,0.3333,1
G5eVZ_358-NQ0,2026-09-29T22:38:20Z,predicted,0.6,Med,1.2,1.8,-0.184,0.224,Low,,,,,,1,0.5
G5eVZ_35p00tW,2026-09-29T22:38:20Z,predicted,0.6,Med,1.2,1.8,-0.184,0.224,Low,,,,,,1,0.5
G5eVZ_3C19bfO,2026-09-29T22:38:20Z,predicted,0.4105,Low,0.7,1.2,-0.524,-0.184,Low,,,,,,0.0526,0.5
G5eVZ_3H3LwH3,2026-09-29T22:38:20Z,predicted,0.405,Low,0.7,1.2,-0.524,-0.184,Low,,,,,,0.025,0.5
G5eVZ_3XSt3ZV,2026-09-29T22:38:20Z,predicted,0.404,Low,0.7,1.2,-0.524,-0.184,Low,,,,,,0.02,0.5
G5eVZ_3nrNcXJ,2026-09-29T22:38:20Z,predicted,0.4049,Low,0.7,1.2,-0.524,-0.184,Low,,,,,,0.0244,0.5
G5eVZ_K10gLlg,2026-09-29T22:38:20Z,predicted,0.44,Low,0.7,1.2,-0.524,-0.184,Low,,,,,,0.2,0.5
G5eVZ_K7koqsD,2026-09-29T22:38:20Z,predicted,0.4071,Low,0.7,1.2,-0.524,-0.184,Low,,,,,,0.0357,0.5
G5eVZ_Khh8NNV,2026-09-29T22:38:20Z,predicted,0.4091,Low,0.7,1.2,-0.524,-0.184,Low,,,,,,0.0455,0.5
G5eVZ_KkRgfDA,2026-09-29T22:38:20Z,predicted,0.404,Low,0.7,1.2,-0.524,-0.184,Low,,,,,,0.02,0.5
G5eVZ_KkyR93L,2026-09-29T22:38:20Z,predicted,0.404,Low,0.7,1.2,-0.524,-0.184,Low,,,,,,0.02,0.5
G5vVZ_3EkJcjI,2026-09-29T22:38:20Z,predicted,0.4841,Med,1.2,1.8,-0.184,0.224,Low,,,,,,0.0455,1
G5vVZ_K1MLk2M,2026-09-29T22:38:20Z,predicted,0.5417,Med,1.2,1.8,-0.184,0.224,Low,,,,,,0.3333,1
G5vVZ_K6ZHAcV,2026-09-29T22:38:20Z,predicted,0.4815,Med,1.2,1.8,-0.184,0.224,Low,,,,,,0.0323,1
G5vVZ_K75rnur,2026-09-29T22:38:20Z,predicted,0.5417,Med,1.2,1.8,-0.184,0.224,Low,,,,,,0.3333,1
G5viZ_KZxbE-N,2026-09-29T22:38:20Z,predicted,0.4111,Low,0.7,1.2,-0.524,-0.184,Low,,,,,,0.0556,0.5
k7vGF_3Cwtd0z,2026-09-29T22:38:20Z,predicted,0.4855,Med,1.2,1.8,-0.184,0.224,Low,,,,,,0.0526,1
k7vGF_3xgaHhY,2026-09-29T22:38:20Z,predicted,0.4824,Med,1.2,1.8,-0.184,0.224,Low,,,,,,0.037,1
k7vGF_K51c5-y,2026-09-29T22:38:20Z,predicted,0.525,Med,1.2,1.8,-0.184,0.224,Low,,,,,,0.25,1
k7vGF_K5KFcyU,2026-09-29T22:38:20Z,predicted,0.5083,Med,1.2,1.8,-0.184,0.224,Low,,,,,,0.1667,1
k7vGF_K6Y5uWc,2026-09-29T22:38:20Z,predicted,0.4824,Med,1.2,1.8,-0.184,0.224,Low,,,,,,0.037,1
k7vGF_K9Pms1B,2026-09-29T22:38:20Z,predicted,0.4821,Med,1.2,1.8,-0.184,0.224,Low,,,,,,0.0357,1
k7vGF_KC2QANB,2026-09-29T22:38:20Z,predicted,0.4855,Med,1.2,1.8,-0.184,0.224,Low,,,,,,0.0526,1
k7vGF_KFHD0lI,2026-09-29T22:38:20Z,predicted,0.479,Med,1.2,1.8,-0.184,0.224,Low,,,,,,0.02,1
k7vGF_KQ-E_YF,2026-09-29T22:38:20Z,predicted,0.4833,Med,1.2,1.8,-0.184,0.224,Low,,,,,,0.0417,1
k7vGF_Kdt4Do8,2026-09-29T22:38:20Z,predicted,0.675,Med,1.2,1.8,-0.184,0.224,Low,,,,,,1,1
k7vGF_KkY5Aij,2026-09-29T22:38:20Z,predicted,0.4855,Med,1.2,1.8,-0.184,0.224,Low,,,,,,0.0526,1
k7vGF_u2TAIIB,2026-09-29T22:38:20Z,predicted,0.483,Med,1.2,1.8,-0.184,0.224,Low,,,,,,0.04,1
vv16OvPGt4oZ75ua7,2026-09-29T22:38:20Z,predicted,0.4071,Low,0.7,1.2,-0.524,-0.184,Low,,,,,,0.0357,0.5
vv177Z_3GkT1lKmv,2026-09-29T22:38:20Z,predicted,0.4105,Low,0.7,1.2,-0.524,-0.184,Low,,,,,,0.0526,0.5
vv177Z_3GkmVpNdN,2026-09-29T22:38:20Z,predicted,0.4049,Low,0.7,1.2,-0.524,-0.184,Low,,,,,,0.0244,0.5
vv17FZ_3GkD49Kz-,2026-09-29T22:38:20Z,predicted,0.4083,Low,0.7,1.2,-0.524,-0.184,Low,,,,,,0.0417,0.5
vv17FZ_3GkH1-7gh,2026-09-29T22:38:20Z,predicted,0.4133,Low,0.7,1.2,-0.524,-0.184,Low,,,,,,0.0667,0.5
vv17FZ_3GkXg6uuk,2026-09-29T22:38:20Z,predicted,0.4118,Low,0.7,1.2,-0.524,-0.184,Low,,,,,,0.0588,0.5
vv17FZ_3GkXjNtfW,2026-09-29T22:38:20Z,predicted,0.4074,Low,0.7,1.2,-0.524,-0.184,Low,,,,,,0.037,0.5
vv17FZ_3GklNt6ea,2026-09-29T22:38:20Z,predicted,0.4091,Low,0.7,1.2,-0.524,-0.184,Low,,,,,,0.0455,0.5
vv17GZ_3GkTmReUp,2026-09-29T22:38:20Z,predicted,0.4026,Low,0.7,1.2,-0.524,-0.184,Low,,,,,,0.013,0.5
vv17OZ_3GkY-oWzW,2026-09-29T22:38:20Z,predicted,0.405,Low,0.7,1.2,-0.524,-0.184,Low,,,,,,0.025,0.5
vv17OZ_8GkmnWPji,2026-09-29T22:38:20Z,predicted,0.4105,Low,0.7,1.2,-0.524,-0.184,Low,,,,,,0.0526,0.5
vv17fZ_3GkDYwNGG,2026-09-29T22:38:20Z,predicted,0.4026,Low,0.7,1.2,-0.524,-0.184,Low,,,,,,0.013,0.5
vv17fZ_3GkTr8LNi,2026-09-29T22:38:20Z,predicted,0.4026,Low,0.7,1.2,-0.524,-0.184,Low,,,,,,0.013,0.5
vv17fZ_3GkluKmo_,2026-09-29T22:38:20Z,predicted,0.4074,Low,0.7,1.2,-0.524,-0.184,Low,,,,,,0.037,0.5
vv1AAZkfYGkdUGQpO,2026-09-29T22:38:20Z,predicted,0.5,Med,1.2,1.8,-0.184,0.224,Low,,,,,,0.5,0.5
vv1AAZkfYGkdfbsGW,2026-09-29T22:38:20Z,predicted,0.404,Low,0.7,1.2,-0.524,-0.184,Low,,,,,,0.02,0.5
vv1AAZkfsGkdJtxIJ,2026-09-29T22:38:20Z,predicted,0.6,Med,1.2,1.8,-0.184,0.224,Low,,,,,,1,0.5
vv1AAZkfsGkd_IvZu,2026-09-29T22:38:20Z,predicted,0.4065,Low,0.7,1.2,-0.524,-0.184,Low,,,,,,0.0323,0.5
vv1AFZkfIGkddZ4Or,2026-09-29T22:38:20Z,predicted,0.4091,Low,0.7,1.2,-0.524,-0.184,Low,,,,,,0.0455,0.5
vv1AFZkfIGkeR90br,2026-09-29T22:38:20Z,predicted,0.4091,Low,0.7,1.2,-0.524,-0.184,Low,,,,,,0.0455,0.5
vv1AFZkfMGkeRYp6z,2026-09-29T22:38:20Z,predicted,0.6,Med,1.2,1.8,-0.184,0.224,Low,,,,,,1,0.5
vv1AFZkfsGkeRb69s,2026-09-29T22:38:20Z,predicted,0.4065,Low,0.7,1.2,-0.524,-0.184,Low,,,,,,0.0323,0.5
vv1AFZkfwGkdDfuvd,2026-09-29T22:38:20Z,predicted,0.4083,Low,0.7,1.2,-0.524,-0.184,Low,,,,,,0.0417,0.5
vv1AFZkfwGkdEVDQP,2026-09-29T22:38:20Z,predicted,0.42,Low,0.7,1.2,-0.524,-0.184,Low,,,,,,0.1,0.5
vv1AFZkfxGkeSF0Dw,2026-09-29T22:38:20Z,predicted,0.4074,Low,0.7,1.2,-0.524,-0.184,Low,,,,,,0.037,0.5
vv1AdZkfNGkd3ReFj,2026-09-29T22:38:20Z,predicted,0.4105,Low,0.7,1.2,-0.524,-0.184,Low,,,,,,0.0526,0.5
vv1AeZkfIGkdubjP8,2026-09-29T22:38:20Z,predicted,0.4105,Low,0.7,1.2,-0.524,-0.184,Low,,,,,,0.0526,0.5
vv1AeZkfYGkdw6uTw,2026-09-29T22:38:20Z,predicted,0.4049,Low,0.7,1.2,-0.524,-0.184,Low,,,,,,0.0244,0.5
vv1AeZkfYGke07GQ0,2026-09-29T22:38:20Z,predicted,0.4105,Low,0.7,1.2,-0.524,-0.184,Low,,,,,,0.0526,0.5
vv1AeZkfYGkePJHRe,2026-09-29T22:38:20Z,predicted,0.48,Med,1.2,1.8,-0.184,0.224,Low,,,,,,0.025,1
vv1AeZkfYGkeyBs_y,2026-09-29T22:38:20Z,predicted,0.4057,Low,0.7,1.2,-0.524,-0.184,Low,,,,,,0.0286,0.5
vv1AvZkftGkdjVZxR,2026-09-29T22:38:20Z,predicted,0.405,Low,0.7,1.2,-0.524,-0.184,Low,,,,,,0.025,0.5
vv1AvZkftGkexzmrt,2026-09-29T22:38:20Z,predicted,0.4074,Low,0.7,1.2,-0.524,-0.184,Low,,,,,,0.037,0.5
vv1AvZkftGkeyYgcG,2026-09-29T22:38:20Z,predicted,0.4091,Low,0.7,1.2,-0.524,-0.184,Low,,,,,,0.0455,0.5
vv1AvZkfwGkemSKbm,2026-09-29T22:38:20Z,predicted,0.4065,Low,0.7,1.2,-0.524,-0.184,Low,,,,,,0.0323,0.5
vv1AvZkfxGkdu8gfO,2026-09-29T22:38:20Z,predicted,0.4105,Low,0.7,1.2,-0.524,-0.184,Low,,,,,,0.0526,0.5
vv1F7Z_KG64FZdudG,2026-09-29T22:38:20Z,predicted,0.4065,Low,0.7,1.2,-0.524,-0.184,Low,,,,,,0.0323,0.5
vv1aOvPuf-ZF9v5,2026-09-29T22:38:20Z,predicted,0.4083,Low,0.7,1.2,-0.524,-0.184,Low,,,,,,0.0417,0.5
vv1keZvPuyGA2CVmS,2026-09-29T22:38:20Z,predicted,0.4091,Low,0.7,1.2,-0.524,-0.184,Low,,,,,,0.0455,0.5
vv1kv8vPG3GA1gW8K,2026-09-29T22:38:20Z,predicted,0.4105,Low,0.7,1.2,-0.524,-0.184,Low,,,,,,0.0526,0.5
vv1kv8vPudGA2dENF,2026-09-29T22:38:20Z,predicted,0.5,Med,1.2,1.8,-0.184,0.224,Low,,,,,,0.5,0.5
vvG1FZ_u7G1TUE,2026-09-29T22:38:20Z,predicted,0.408,Low,0.7,1.2,-0.524,-0.184,Low,,,,,,0.04,0.5
vvG1VZ_3BJCJR0,2026-09-29T22:38:20Z,predicted,0.4074,Low,0.7,1.2,-0.524,-0.184,Low,,,,,,0.037,0.5
vvG1VZ_3GOtwD8,2026-09-29T22:38:20Z,predicted,0.405,Low,0.7,1.2,-0.524,-0.184,Low,,,,,,0.025,0.5
vvG1VZ_3XHwnHJ,2026-09-29T22:38:20Z,predicted,0.405,Low,0.7,1.2,-0.524,-0.184,Low,,,,,,0.025,0.5
vvG1VZ_3Xxt6_9,2026-09-29T22:38:20Z,predicted,0.4074,Low,0.7,1.2,-0.524,-0.184,Low,,,,,,0.037,0.5
vvG1VZ_3xhd4sR,2026-09-29T22:38:20Z,predicted,0.4105,Low,0.7,1.2,-0.524,-0.184,Low,,,,,,0.0526,0.5
vvG1VZ_K1-Dzg7,2026-09-29T22:38:20Z,predicted,0.4105,Low,0.7,1.2,-0.524,-0.184,Low,,,,,,0.0526,0.5
vvG1VZ_K1xqzya,2026-09-29T22:38:20Z,predicted,0.4065,Low,0.7,1.2,-0.524,-0.184,Low,,,,,,0.0323,0.5
vvG1VZ_KQaENSB,2026-09-29T22:38:20Z,predicted,0.4065,Low,0.7,1.2,-0.524,-0.184,Low,,,,,,0.0323,0.5
vvG1VZ_Ke36ABK,2026-09-29T22:38:20Z,predicted,0.4111,Low,0.7,1.2,-0.524,-0.184,Low,,,,,,0.0556,0.5
vvG1zZ_32AkLLI,2026-09-29T22:38:20Z,predicted,0.4049,Low,0.7,1.2,-0.524,-0.184,Low,,,,,,0.0244,0.5
vvG1zZ_3Dh5HjB,2026-09-29T22:38:20Z,predicted,0.4074,Low,0.7,1.2,-0.524,-0.184,Low,,,,,,0.037,0.5
vvG1zZ_3EbKNKC,2026-09-29T22:38:20Z,predicted,0.405,Low,0.7,1.2,-0.524,-0.184,Low,,,,,,0.025,0.5
vvG1zZ_3TSemPj,2026-09-29T22:38:20Z,predicted,0.5,Med,1.2,1.8,-0.184,0.224,Low,,,,,,0.5,0.5
vvG1zZ_3XIyKBX,2026-09-29T22:38:20Z,predicted,0.4105,Low,0.7,1.2,-0.524,-0.184,Low,,,,,,0.0526,0.5
vvG1zZ_3x03bY9,2026-09-29T22:38:20Z,predicted,0.4105,Low,0.7,1.2,-0.524,-0.184,Low,,,,,,0.0526,0.5
vvG1zZ_83DtnFh,2026-09-29T22:38:20Z,predicted,0.4062,Low,0.7,1.2,-0.524,-0.184,Low,,,,,,0.0312,0.5
vvG1zZ_K1bPF9P,2026-09-29T22:38:20Z,predicted,0.4105,Low,0.7,1.2,-0.524,-0.184,Low,,,,,,0.0526,0.5
vvG1zZ_K68rV8Q,2026-09-29T22:38:20Z,predicted,0.42,Low,0.7,1.2,-0.524,-0.184,Low,,,,,,0.1,0.5
vvG1zZ_K6Mf5Dl,2026-09-29T22:38:20Z,predicted,0.4065,Low,0.7,1.2,-0.524,-0.184,Low,,,,,,0.0323,0.5
vvG1zZ_KGj9z2e,2026-09-29T22:38:20Z,predicted,0.4083,Low,0.7,1.2,-0.524,-0.184,Low,,,,,,0.0417,0.5
vvG1zZ_KheGDmm,2026-09-29T22:38:20Z,predicted,0.4091,Low,0.7,1.2,-0.524,-0.184,Low,,,,,,0.0455,0.5
16eZZ_KkKG7zSoJ,2026-09-29T22:38:20Z,predicted,0.4065,Low,0.7,1.2,-0.524,-0.184,Low,,,,,,0.0323,0.5
1Ae7Z_3Gkl2EPqo,2026-09-29T22:38:20Z,predicted,0.4091,Low,0.7,1.2,-0.524,-0.184,Low,,,,,,0.0455,0.5
1AeZZ_3GkXjtxQe,2026-09-29T22:38:20Z,predicted,0.4062,Low,0.7,1.2,-0.524,-0.184,Low,,,,,,0.0312,0.5
1AeZZ_3GknwydTT,2026-09-29T22:38:20Z,predicted,0.4091,Low,0.7,1.2,-0.524,-0.184,Low,,,,,,0.0455,0.5
G5dIZ_3MPIS-k,2026-09-29T22:38:20Z,predicted,0.4026,Low,0.7,1.2,-0.524,-0.184,Low,,,,,,0.013,0.5
G5dIZ_3Tn7JNl,2026-09-29T22:38:20Z,predicted,0.4133,Low,0.7,1.2,-0.524,-0.184,Low,,,,,,0.0667,0.5
G5dIZ_3r-JkHD,2026-09-29T22:38:20Z,predicted,0.4074,Low,0.7,1.2,-0.524,-0.184,Low,,,,,,0.037,0.5
G5dIZ_K63VKyE,2026-09-29T22:38:20Z,predicted,0.4065,Low,0.7,1.2,-0.524,-0.184,Low,,,,,,0.0323,0.5
G5dIZ_KAuvDKs,2026-09-29T22:38:20Z,predicted,0.4105,Low,0.7,1.2,-0.524,-0.184,Low,,,,,,0.0526,0.5
G5dIZ_KGCuPO4,2026-09-29T22:38:20Z,predicted,0.4105,Low,0.7,1.2,-0.524,-0.184,Low,,,,,,0.0526,0.5
G5dIZ_KdeuTh4,2026-09-29T22:38:20Z,predicted,0.4071,Low,0.7,1.2,-0.524,-0.184,Low,,,,,,0.0357,0.5
G5dIZ_Kh7A1ng,2026-09-29T22:38:20Z,predicted,0.4091,Low,0.7,1.2,-0.524,-0.184,Low,,,,,,0.0455,0.5
G5dIZ_KkYGlDl,2026-09-29T22:38:20Z,predicted,0.4105,Low,0.7,1.2,-0.524,-0.184,Low,,,,,,0.0526,0.5
G5dIZ_KpQma53,2026-09-29T22:38:20Z,predicted,0.4065,Low,0.7,1.2,-0.524,-0.184,Low,,,,,,0.0323,0.5
G5viZ_3BVgQ-A,2026-09-29T22:38:20Z,predicted,0.408,Low,0.7,1.2,-0.524,-0.184,Low,,,,,,0.04,0.5
G5viZ_3PZFVFC,2026-09-29T22:38:20Z,predicted,0.405,Low,0.7,1.2,-0.524,-0.184,Low,,,,,,0.025,0.5
G5viZ_3RrqUu4,2026-09-29T22:38:20Z,predicted,0.4049,Low,0.7,1.2,-0.524,-0.184,Low,,,,,,0.0244,0.5
G5viZ_3TPkkro,2026-09-29T22:38:20Z,predicted,0.4083,Low,0.7,1.2,-0.524,-0.184,Low,,,,,,0.0417,0.5
G5viZ_K14DQeS,2026-09-29T22:38:20Z,predicted,0.4083,Low,0.7,1.2,-0.524,-0.184,Low,,,,,,0.0417,0.5
G5viZ_K1KUycs,2026-09-29T22:38:20Z,predicted,0.4083,Low,0.7,1.2,-0.524,-0.184,Low,,,,,,0.0417,0.5
G5viZ_K26Z3Ab,2026-09-29T22:38:20Z,predicted,0.4091,Low,0.7,1.2,-0.524,-0.184,Low,,,,,,0.0455,0.5
G5viZ_K62JKpX,2026-09-29T22:38:20Z,predicted,0.6,Med,1.2,1.8,-0.184,0.224,Low,,,,,,1,0.5
G5viZ_KQWrTlB,2026-09-29T22:38:20Z,predicted,0.4091,Low,0.7,1.2,-0.524,-0.184,Low,,,,,,0.0455,0.5
G5viZ_Kd9UILU,2026-09-29T22:38:20Z,predicted,0.4057,Low,0.7,1.2,-0.524,-0.184,Low,,,,,,0.0286,0.5
G5viZ_Kdc1rAQ,2026-09-29T22:38:20Z,predicted,0.4065,Low,0.7,1.2,-0.524,-0.184,Low,,,,,,0.0323,0.5
G5viZ_KeDwvNB,2026-09-29T22:38:20Z,predicted,0.404,Low,0.7,1.2,-0.524,-0.184,Low,,,,,,0.02,0.5
G5viZ_Kh2kKTb,2026-09-29T22:38:20Z,predicted,0.4091,Low,0.7,1.2,-0.524,-0.184,Low,,,,,,0.0455,0.5
G5viZ_KhE5bFt,2026-09-29T22:38:20Z,predicted,0.4222,Low,0.7,1.2,-0.524,-0.184,Low,,,,,,0.1111,0.5
G5viZ_om30aTL,2026-09-29T22:38:20Z,predicted,0.4026,Low,0.7,1.2,-0.524,-0.184,Low,,,,,,0.013,0.5
vv11bZ_KF-OVb0,2026-09-29T22:38:20Z,predicted,0.4083,Low,0.7,1.2,-0.524,-0.184,Low,,,,,,0.0417,0.5
vv16kZkfIPkZAGa2F7,2026-09-29T22:38:20Z,predicted,0.4049,Low,0.7,1.2,-0.524,-0.184,Low,,,,,,0.0244,0.5
vv178Z_3GkTA7u7G,2026-09-29T22:38:20Z,predicted,0.48,Med,1.2,1.8,-0.184,0.224,Low,,,,,,0.025,1
vv178Z_3GkTruwos,2026-09-29T22:38:20Z,predicted,0.575,Med,1.2,1.8,-0.184,0.224,Low,,,,,,0.5,1
vv178Z_oGkMZy5fZ,2026-09-29T22:38:20Z,predicted,0.4824,Med,1.2,1.8,-0.184,0.224,Low,,,,,,0.037,1
vv17bZ_3GkBN6kzM,2026-09-29T22:38:20Z,predicted,0.4091,Low,0.7,1.2,-0.524,-0.184,Low,,,,,,0.0455,0.5
vv17bZ_3GkBzSymO,2026-09-29T22:38:20Z,predicted,0.4074,Low,0.7,1.2,-0.524,-0.184,Low,,,,,,0.037,0.5
vv17bZ_3GkDEE-Fq,2026-09-29T22:38:20Z,predicted,0.404,Low,0.7,1.2,-0.524,-0.184,Low,,,,,,0.02,0.5
vv17bZ_3GkDZh1RC,2026-09-29T22:38:20Z,predicted,0.4074,Low,0.7,1.2,-0.524,-0.184,Low,,,,,,0.037,0.5
vv17bZ_3GkTVS3x8,2026-09-29T22:38:20Z,predicted,0.44,Low,0.7,1.2,-0.524,-0.184,Low,,,,,,0.2,0.5
vv17bZ_3GklxuYS_,2026-09-29T22:38:20Z,predicted,0.4091,Low,0.7,1.2,-0.524,-0.184,Low,,,,,,0.0455,0.5
vv17bZ_3GkmnBnZL,2026-09-29T22:38:20Z,predicted,0.4091,Low,0.7,1.2,-0.524,-0.184,Low,,,,,,0.0455,0.5
vv17bZ_3GkwEMFoK,2026-09-29T22:38:20Z,predicted,0.4026,Low,0.7,1.2,-0.524,-0.184,Low,,,,,,0.013,0.5
vv1A6ZkfsGkdP_bHa,2026-09-29T22:38:20Z,predicted,0.4065,Low,0.7,1.2,-0.524,-0.184,Low,,,,,,0.0323,0.5
vv1A6ZkftGkdFvyQ7,2026-09-29T22:38:20Z,predicted,0.4105,Low,0.7,1.2,-0.524,-0.184,Low,,,,,,0.0526,0.5
vv1A7ZkfUGkegDi06,2026-09-29T22:38:20Z,predicted,0.4833,Med,1.2,1.8,-0.184,0.224,Low,,,,,,0.0417,1
vv1A7ZkfwGkdmtcGF,2026-09-29T22:38:20Z,predicted,0.5036,Med,1.2,1.8,-0.184,0.224,Low,,,,,,0.1429,1
vv1AkZkf0Gkdyrnq8,2026-09-29T22:38:20Z,predicted,0.4105,Low,0.7,1.2,-0.524,-0.184,Low,,,,,,0.0526,0.5
vv1AkZkfUGkdt70bv,2026-09-29T22:38:20Z,predicted,0.4091,Low,0.7,1.2,-0.524,-0.184,Low,,,,,,0.0455,0.5
vv1AkZkfwGkec3C4s,2026-09-29T22:38:20Z,predicted,0.4065,Low,0.7,1.2,-0.524,-0.184,Low,,,,,,0.0323,0.5
vv1AkZkfxGkdkijos,2026-09-29T22:38:20Z,predicted,0.4105,Low,0.7,1.2,-0.524,-0.184,Low,,,,,,0.0526,0.5
vv1F8Z_3ao7xZd2G1,2026-09-29T22:38:20Z,predicted,0.4855,Med,1.2,1.8,-0.184,0.224,Low,,,,,,0.0526,1
vv1FvZvPG_O4Z7ueuv,2026-09-29T22:38:20Z,predicted,0.4855,Med,1.2,1.8,-0.184,0.224,Low,,,,,,0.0526,1
vv1kbZ_3x6G7cUsY,2026-09-29T22:38:20Z,predicted,0.4105,Low,0.7,1.2,-0.524,-0.184,Low,,,,,,0.0526,0.5
vv1kvOvPFIGAupVVY,2026-09-29T22:38:20Z,predicted,0.4105,Low,0.7,1.2,-0.524,-0.184,Low,,,,,,0.0526,0.5
vv1kvZvPGZGACko3O,2026-09-29T22:38:20Z,predicted,0.4815,Med,1.2,1.8,-0.184,0.224,Low,,,,,,0.0323,1
vvG1YZ_8UYDbMt,2026-09-29T22:38:20Z,predicted,0.405,Low,0.7,1.2,-0.524,-0.184,Low,,,,,,0.025,0.5
vvG1YZ_K558XwT,2026-09-29T22:38:20Z,predicted,0.4105,Low,0.7,1.2,-0.524,-0.184,Low,,,,,,0.0526,0.5
vvG1YZ_K69fCzG,2026-09-29T22:38:20Z,predicted,0.4074,Low,0.7,1.2,-0.524,-0.184,Low,,,,,,0.037,0.5
vvG1YZ_KG_q-iH,2026-09-29T22:38:20Z,predicted,0.4083,Low,0.7,1.2,-0.524,-0.184,Low,,,,,,0.0417,0.5
vvG1YZ_KGh3oiX,2026-09-29T22:38:20Z,predicted,0.45,Low,0.7,1.2,-0.524,-0.184,Low,,,,,,0.25,0.5
vvG1YZ_Khbg2oW,2026-09-29T22:38:20Z,predicted,0.4091,Low,0.7,1.2,-0.524,-0.184,Low,,,,,,0.0455,0.5
vvG1YZ_KpCtK4p,2026-09-29T22:38:20Z,predicted,0.4133,Low,0.7,1.2,-0.524,-0.184,Low,,,,,,0.0667,0.5
G5vzZ_3BNVU2b,2026-09-29T22:38:20Z,predicted,0.4049,Low,0.7,1.2,-0.524,-0.184,Low,,,,,,0.0244,0.5
G5vzZ_3Hepr-9,2026-09-29T22:38:20Z,predicted,0.4026,Low,0.7,1.2,-0.524,-0.184,Low,,,,,,0.013,0.5
G5vzZ_3K6u08y,2026-09-29T22:38:20Z,predicted,0.4105,Low,0.7,1.2,-0.524,-0.184,Low,,,,,,0.0526,0.5
G5vzZ_3mO5E82,2026-09-29T22:38:20Z,predicted,0.4091,Low,0.7,1.2,-0.524,-0.184,Low,,,,,,0.0455,0.5
G5vzZ_3nsybUv,2026-09-29T22:38:20Z,predicted,0.4074,Low,0.7,1.2,-0.524,-0.184,Low,,,,,,0.037,0.5
G5vzZ_K1IxueD,2026-09-29T22:38:20Z,predicted,0.4065,Low,0.7,1.2,-0.524,-0.184,Low,,,,,,0.0323,0.5
G5vzZ_K1t3qaq,2026-09-29T22:38:20Z,predicted,0.4105,Low,0.7,1.2,-0.524,-0.184,Low,,,,,,0.0526,0.5
G5vzZ_K5LkPaQ,2026-09-29T22:38:20Z,predicted,0.4105,Low,0.7,1.2,-0.524,-0.184,Low,,,,,,0.0526,0.5
G5vzZ_KeilE5w,2026-09-29T22:38:20Z,predicted,0.405,Low,0.7,1.2,-0.524,-0.184,Low,,,,,,0.025,0.5
G5vzZ_Kkf1PnR,2026-09-29T22:38:20Z,predicted,0.4125,Low,0.7,1.2,-0.524,-0.184,Low,,,,,,0.0625,0.5
k7vGF_K5YHBaG,2026-09-29T22:38:20Z,predicted,0.4972,Med,1.2,1.8,-0.184,0.224,Low,,,,,,0.1111,1
vv1AaZkfMGkdYGUkJ,2026-09-29T22:38:20Z,predicted,0.575,Med,1.2,1.8,-0.184,0.224,Low,,,,,,0.5,1
vv1AaZkfUGkey2BAF,2026-09-29T22:38:20Z,predicted,0.575,Med,1.2,1.8,-0.184,0.224,Low,,,,,,0.5,1
vv1aaZkfSA_CZZe25,2026-09-29T22:38:20Z,predicted,0.675,Med,1.2,1.8,-0.184,0.224,Low,,,,,,1,1
vv1kFZ_KfdG7yeYp,2026-09-29T22:38:20Z,predicted,0.4083,Low,0.7,1.2,-0.524,-0.184,Low,,,,,,0.0417,0.5
vvG1YZ_3zjrN4D,2026-09-29T22:38:20Z,predicted,0.4026,Low,0.7,1.2,-0.524,-0.184,Low,,,,,,0.013,0.5
vvG1YZ_KGeOLU1,2026-09-29T22:38:20Z,predicted,0.4105,Low,0.7,1.2,-0.524,-0.184,Low,,,,,,0.0526,0.5
vvG1zZ_KxrQhOE,2026-09-29T22:38:20Z,predicted,0.6,Med,1.2,1.8,-0.184,0.224,Low,,,,,,1,0.5
169ZkfsOPZA5Fkdv,2026-09-29T22:38:20Z,predicted,0.4065,Low,0.7,1.2,-0.524,-0.184,Low,,,,,,0.0323,0.5
16v0Z_3J3G7WUjQ,2026-09-29T22:38:20Z,predicted,0.4074,Low,0.7,1.2,-0.524,-0.184,Low,,,,,,0.037,0.5
1A9ZkfYGkeYohip,2026-09-29T22:38:20Z,predicted,0.408,Low,0.7,1.2,-0.524,-0.184,Low,,,,,,0.04,0.5
1A_ZkfYGkeij9ZW,2026-09-29T22:38:20Z,predicted,0.4154,Low,0.7,1.2,-0.524,-0.184,Low,,,,,,0.0769,0.5
1A_ZkfwGkdCnQcY,2026-09-29T22:38:20Z,predicted,0.4105,Low,0.7,1.2,-0.524,-0.184,Low,,,,,,0.0526,0.5
1A_ZkfzGkeIo9hH,2026-09-29T22:38:20Z,predicted,0.45,Low,0.7,1.2,-0.524,-0.184,Low,,,,,,0.25,0.5
1Av0Z_3GkSHQv4X,2026-09-29T22:38:20Z,predicted,0.4091,Low,0.7,1.2,-0.524,-0.184,Low,,,,,,0.0455,0.5
1Av0Z_3GkmLGgHm,2026-09-29T22:38:20Z,predicted,0.4091,Low,0.7,1.2,-0.524,-0.184,Low,,,,,,0.0455,0.5
1AvjZ_3GkMcDLgA,2026-09-29T22:38:20Z,predicted,0.4133,Low,0.7,1.2,-0.524,-0.184,Low,,,,,,0.0667,0.5
1AvjZ_3GkMcMLVW,2026-09-29T22:38:20Z,predicted,0.4133,Low,0.7,1.2,-0.524,-0.184,Low,,,,,,0.0667,0.5
1AvjZ_3GkMcRLVv,2026-09-29T22:38:20Z,predicted,0.4133,Low,0.7,1.2,-0.524,-0.184,Low,,,,,,0.0667,0.5
1AvjZ_3GkMcSLVQ,2026-09-29T22:38:20Z,predicted,0.4133,Low,0.7,1.2,-0.524,-0.184,Low,,,,,,0.0667,0.5
1AvjZ_3GkMcTLgh,2026-09-29T22:38:20Z,predicted,0.4133,Low,0.7,1.2,-0.524,-0.184,Low,,,,,,0.0667,0.5
1AvjZ_3GkMcWLg2,2026-09-29T22:38:20Z,predicted,0.4133,Low,0.7,1.2,-0.524,-0.184,Low,,,,,,0.0667,0.5
1AvjZ_3GkMcgLVg,2026-09-29T22:38:20Z,predicted,0.4133,Low,0.7,1.2,-0.524,-0.184,Low,,,,,,0.0667,0.5
1AvjZ_3GkMcsLVa,2026-09-29T22:38:20Z,predicted,0.4133,Low,0.7,1.2,-0.524,-0.184,Low,,,,,,0.0667,0.5
1AvjZ_3GkMcyLVT,2026-09-29T22:38:20Z,predicted,0.4133,Low,0.7,1.2,-0.524,-0.184,Low,,,,,,0.0667,0.5
1AvjZ_3GkMmv2gl,2026-09-29T22:38:20Z,predicted,0.4133,Low,0.7,1.2,-0.524,-0.184,Low,,,,,,0.0667,0.5
1AvjZ_3GkSoU-RG,2026-09-29T22:38:20Z,predicted,0.45,Low,0.7,1.2,-0.524,-0.184,Low,,,,,,0.25,0.5
1AvjZ_3GkiLSFhf,2026-09-29T22:38:20Z,predicted,0.45,Low,0.7,1.2,-0.524,-0.184,Low,,,,,,0.25,0.5
1AvjZ_3GkiO1zLZ,2026-09-29T22:38:20Z,predicted,0.45,Low,0.7,1.2,-0.524,-0.184,Low,,,,,,0.25,0.5
1AvjZ_3GkirBzKT,2026-09-29T22:38:20Z,predicted,0.45,Low,0.7,1.2,-0.524,-0.184,Low,,,,,,0.25,0.5
G5vYZ_32UcFLK,2026-09-29T22:38:20Z,predicted,0.405,Low,0.7,1.2,-0.524,-0.184,Low,,,,,,0.025,0.5
G5vYZ_3nNPQVC,2026-09-29T22:38:20Z,predicted,0.405,Low,0.7,1.2,-0.524,-0.184,Low,,,,,,0.025,0.5
G5vYZ_8bK7kMe,2026-09-29T22:38:20Z,predicted,0.4062,Low,0.7,1.2,-0.524,-0.184,Low,,,,,,0.0312,0.5
G5vYZ_K60vQat,2026-09-29T22:38:20Z,predicted,0.4222,Low,0.7,1.2,-0.524,-0.184,Low,,,,,,0.1111,0.5
G5vYZ_K6wiGg_,2026-09-29T22:38:20Z,predicted,0.4105,Low,0.7,1.2,-0.524,-0.184,Low,,,,,,0.0526,0.5
G5vYZ_Kh8Ba7d,2026-09-29T22:38:20Z,predicted,0.4091,Low,0.7,1.2,-0.524,-0.184,Low,,,,,,0.0455,0.5
G5vYZ_KkYWvfV,2026-09-29T22:38:20Z,predicted,0.404,Low,0.7,1.2,-0.524,-0.184,Low,,,,,,0.02,0.5
G5vYZ_KpNxjb1,2026-09-29T22:38:20Z,predicted,0.44,Low,0.7,1.2,-0.524,-0.184,Low,,,,,,0.2,0.5
vv16aZkfg7KZAu7euG,2026-09-29T22:38:20Z,predicted,0.675,Med,1.2,1.8,-0.184,0.224,Low,,,,,,1,1
vv170Z_3GkDOMjov,2026-09-29T22:38:20Z,predicted,0.5036,Med,1.2,1.8,-0.184,0.224,Low,,,,,,0.1429,1
vv170Z_3GkHvJszg,2026-09-29T22:38:20Z,predicted,0.575,Med,1.2,1.8,-0.184,0.224,Low,,,,,,0.5,1
vv170Z_3GkwTDbyN,2026-09-29T22:38:20Z,predicted,0.48,Med,1.2,1.8,-0.184,0.224,Low,,,,,,0.025,1
vv1AaZkf-GkdqRHDg,2026-09-29T22:38:20Z,predicted,0.4799,Med,1.2,1.8,-0.184,0.224,Low,,,,,,0.0244,1
vv1AaZkfUGkesLaoQ,2026-09-29T22:38:20Z,predicted,0.4841,Med,1.2,1.8,-0.184,0.224,Low,,,,,,0.0455,1
vv1AaZkfgGkdBlTwD,2026-09-29T22:38:20Z,predicted,0.675,Med,1.2,1.8,-0.184,0.224,Low,,,,,,1,1
vv1AaZkfgGkdYLCDv,2026-09-29T22:38:20Z,predicted,0.575,Med,1.2,1.8,-0.184,0.224,Low,,,,,,0.5,1
vv1AaZkfsGkdh-LQY,2026-09-29T22:38:20Z,predicted,0.4855,Med,1.2,1.8,-0.184,0.224,Low,,,,,,0.0526,1
vv1AaZkfwGkdn3e19,2026-09-29T22:38:20Z,predicted,0.4821,Med,1.2,1.8,-0.184,0.224,Low,,,,,,0.0357,1
vv1AaZkfzGkez-HPX,2026-09-29T22:38:20Z,predicted,0.4972,Med,1.2,1.8,-0.184,0.224,Low,,,,,,0.1111,1
vv1Fe8vPG33pZ72Fk7,2026-09-29T22:38:20Z,predicted,0.4824,Med,1.2,1.8,-0.184,0.224,Low,,,,,,0.037,1
vv1ke8vPG8GACQ1dm,2026-09-29T22:38:20Z,predicted,0.479,Med,1.2,1.8,-0.184,0.224,Low,,,,,,0.02,1
vv1ke8vPGbGAuTgRG,2026-09-29T22:38:20Z,predicted,0.4824,Med,1.2,1.8,-0.184,0.224,Low,,,,,,0.037,1
vv1ke8vPGdGACTDBv,2026-09-29T22:38:20Z,predicted,0.4815,Med,1.2,1.8,-0.184,0.224,Low,,,,,,0.0323,1
vv1ke8vPGdGAGQhcw,2026-09-29T22:38:20Z,predicted,0.5,Med,1.2,1.8,-0.184,0.224,Low,,,,,,0.125,1
vv1ke8vPGsGAG6yuq,2026-09-29T22:38:20Z,predicted,0.675,Med,1.2,1.8,-0.184,0.224,Low,,,,,,1,1
vv1ke8vPu8GA5DxqS,2026-09-29T22:38:20Z,predicted,0.5417,Med,1.2,1.8,-0.184,0.224,Low,,,,,,0.3333,1
vv1ke8vPu8GAG1xOd,2026-09-29T22:38:20Z,predicted,0.5417,Med,1.2,1.8,-0.184,0.224,Low,,,,,,0.3333,1
vv1ke8vPu_GA1Qgm8,2026-09-29T22:38:20Z,predicted,0.675,Med,1.2,1.8,-0.184,0.224,Low,,,,,,1,1
vv1ke8vPuoGA1nVxo,2026-09-29T22:38:20Z,predicted,0.575,Med,1.2,1.8,-0.184,0.224,Low,,,,,,0.5,1
vvG1HZ_3ExnTSl,2026-09-29T22:38:20Z,predicted,0.405,Low,0.7,1.2,-0.524,-0.184,Low,,,,,,0.025,0.5
vvG1HZ_3nGDPCH,2026-09-29T22:38:20Z,predicted,0.4091,Low,0.7,1.2,-0.524,-0.184,Low,,,,,,0.0455,0.5
vvG1HZ_3nsltNp,2026-09-29T22:38:20Z,predicted,0.4049,Low,0.7,1.2,-0.524,-0.184,Low,,,,,,0.0244,0.5
vvG1HZ_3zbQmZV,2026-09-29T22:38:20Z,predicted,0.405,Low,0.7,1.2,-0.524,-0.184,Low,,,,,,0.025,0.5
vvG1HZ_K1HJj1J,2026-09-29T22:38:20Z,predicted,0.4105,Low,0.7,1.2,-0.524,-0.184,Low,,,,,,0.0526,0.5
vvG1IZ_3RSxTwD,2026-09-29T22:38:20Z,predicted,0.4026,Low,0.7,1.2,-0.524,-0.184,Low,,,,,,0.013,0.5
vvG1IZ_3Teyn4F,2026-09-29T22:38:20Z,predicted,0.4855,Med,1.2,1.8,-0.184,0.224,Low,,,,,,0.0526,1
vvG1IZ_K1t1bxe,2026-09-29T22:38:20Z,predicted,0.4333,Low,0.7,1.2,-0.524,-0.184,Low,,,,,,0.1667,0.5
vvG1IZ_KQ9F6Ws,2026-09-29T22:38:20Z,predicted,0.4065,Low,0.7,1.2,-0.524,-0.184,Low,,,,,,0.0323,0.5
vvG1IZ_KaiIwR4,2026-09-29T22:38:20Z,predicted,0.5,Med,1.2,1.8,-0.184,0.224,Low,,,,,,0.5,0.5
vvG1IZ_KkM8ny4,2026-09-29T22:38:20Z,predicted,0.404,Low,0.7,1.2,-0.524,-0.184,Low,,,,,,0.02,0.5
vvG1iZ_3T_b6X-,2026-09-29T22:38:20Z,predicted,0.4286,Low,0.7,1.2,-0.524,-0.184,Low,,,,,,0.1429,0.5
vvG1iZ_K9r9JFQ,2026-09-29T22:38:20Z,predicted,0.44,Low,0.7,1.2,-0.524,-0.184,Low,,,,,,0.2,0.5
vvG1iZ_KkH1zCh,2026-09-29T22:38:20Z,predicted,0.4182,Low,0.7,1.2,-0.524,-0.184,Low,,,,,,0.0909,0.5
G5vzZ_KrF-gZ2,2026-09-29T22:38:20Z,predicted,0.4286,Low,0.7,1.2,-0.524,-0.184,Low,,,,,,0.1429,0.5
G5vzZ_KrlwlaH,2026-09-29T22:38:20Z,predicted,0.6,Med,1.2,1.8,-0.184,0.224,Low,,,,,,1,0.5
vv1kbZ_KJdG7IkVa,2026-09-29T22:38:20Z,predicted,0.5,Med,1.2,1.8,-0.184,0.224,Low,,,,,,0.5,0.5
vv1AaZkfMGkdceA0Z,2026-09-29T22:38:20Z,predicted,0.575,Med,1.2,1.8,-0.184,0.224,Low,,,,,,0.5,1
vv1AkZkfgGkeSaiNn,2026-09-29T22:38:20Z,predicted,0.4667,Med,1.2,1.8,-0.184,0.224,Low,,,,,,0.3333,0.5
vvG1IZ_K1HQ1L9,2026-09-29T22:38:20Z,predicted,0.4182,Low,0.7,1.2,-0.524,-0.184,Low,,,,,,0.0909,0.5
G5viZ_KNTIekc,2026-09-29T22:38:20Z,predicted,0.6,Med,1.2,1.8,-0.184,0.224,Low,,,,,,1,0.5
vv1A6ZkfMGkd3Lk9M,2026-09-29T22:38:20Z,predicted,0.4784,Med,1.2,1.8,-0.184,0.224,Low,,,,,,0.0172,1
G5vzZ_K65H5m-,2026-09-29T22:38:20Z,predicted,0.44,Low,0.7,1.2,-0.524,-0.184,Low,,,,,,0.2,0.5
17GZv0G65tTxsBE,2026-09-29T22:38:20Z,predicted,0.4819,Med,1.2,1.8,-0.184,0.224,Low,,,,,,0.0345,1
1AvbZ_KGklcscxl,2026-09-29T22:38:20Z,predicted,0.4083,Low,0.7,1.2,-0.524,-0.184,Low,,,,,,0.0417,0.5
G5viZ_KjEXVtC,2026-09-29T22:38:20Z,predicted,0.425,Low,0.7,1.2,-0.524,-0.184,Low,,,,,,0.125,0.5
G5viZ_Kjif43j,2026-09-29T22:38:20Z,predicted,0.5,Med,1.2,1.8,-0.184,0.224,Low,,,,,,,0.5
G5viZ_KjnfVT3,2026-09-29T22:38:20Z,predicted,0.6,Med,1.2,1.8,-0.184,0.224,Low,,,,,,1,0.5
G5viZ_KgUufxX,2026-09-29T22:38:20Z,predicted,0.45,Low,0.7,1.2,-0.524,-0.184,Low,,,,,,0.25,0.5
vvG1YZ_K1ynHRE,2026-09-29T22:38:20Z,predicted,0.4167,Low,0.7,1.2,-0.524,-0.184,Low,,,,,,0.0833,0.5
G5diZ_Khn8JoE,2026-09-29T22:38:20Z,predicted,0.5083,Med,1.2,1.8,-0.184,0.224,Low,,,,,,0.1667,1
vvG1VZ_KjKMTP4,2026-09-29T22:38:20Z,predicted,0.4333,Low,0.7,1.2,-0.524,-0.184,Low,,,,,,0.1667,0.5
G5vzZ_K6ituWy,2026-09-29T22:38:20Z,predicted,0.5,Med,1.2,1.8,-0.184,0.224,Low,,,,,,0.5,0.5
1AYZkfyGkelFJUU,2026-09-29T22:38:20Z,predicted,0.575,Med,1.2,1.8,-0.184,0.224,Low,,,,,,0.5,1
1kA8vPuzGA2VV3q,2026-09-29T22:38:20Z,predicted,0.425,Low,0.7,1.2,-0.524,-0.184,Low,,,,,,0.125,0.5
k7vGF_KS2NX98,2026-09-29T22:38:20Z,predicted,0.5417,Med,1.2,1.8,-0.184,0.224,Low,,,,,,0.3333,1
vvG1VZ_3nhMI3S,2026-09-29T22:38:20Z,predicted,0.4111,Low,0.7,1.2,-0.524,-0.184,Low,,,,,,0.0556,0.5
G5dIZ_KEP9_0p,2026-09-29T22:38:20Z,predicted,0.6,Med,1.2,1.8,-0.184,0.224,Low,,,,,,1,0.5
G5viZ_FUO1aHK,2026-09-29T22:38:20Z,predicted,0.425,Low,0.7,1.2,-0.524,-0.184,Low,,,,,,0.125,0.5
G5viZ_FUqianP,2026-09-29T22:38:20Z,predicted,0.6,Med,1.2,1.8,-0.184,0.224,Low,,,,,,1,0.5
G5viZ_KSKLeqe,2026-09-29T22:38:20Z,predicted,0.4154,Low,0.7,1.2,-0.524,-0.184,Low,,,,,,0.0769,0.5
G5viZ_KlXcHSS,2026-09-29T22:38:20Z,predicted,0.4667,Med,1.2,1.8,-0.184,0.224,Low,,,,,,0.3333,0.5
vv177Z_KGkmg2GOo,2026-09-29T22:38:20Z,predicted,0.4667,Med,1.2,1.8,-0.184,0.224,Low,,,,,,0.3333,0.5
vv177Z_KGkmmthKL,2026-09-29T22:38:20Z,predicted,0.5,Med,1.2,1.8,-0.184,0.224,Low,,,,,,,0.5
vv177Z_KGkmnXQOL,2026-09-29T22:38:20Z,predicted,0.5,Med,1.2,1.8,-0.184,0.224,Low,,,,,,0.5,0.5
G5vYZ_Kj0LtB6,2026-09-29T22:38:20Z,predicted,0.45,Low,0.7,1.2,-0.524,-0.184,Low,,,,,,0.25,0.5
G5vYZ_KjPaQe2,2026-09-29T22:38:20Z,predicted,0.45,Low,0.7,1.2,-0.524,-0.184,Low,,,,,,0.25,0.5
vv170Z_KGkmqDfJY,2026-09-29T22:38:20Z,predicted,0.575,Med,1.2,1.8,-0.184,0.224,Low,,,,,,0.5,1
vv1AaZkfyGkd9Gonu,2026-09-29T22:38:20Z,predicted,0.675,Med,1.2,1.8,-0.184,0.224,Low,,,,,,1,1
vv1AaZkfzGkdu9XXw,2026-09-29T22:38:20Z,predicted,0.675,Med,1.2,1.8,-0.184,0.224,Low,,,,,,1,1
k7vGF_K4Bz3Um,2026-09-29T22:38:20Z,predicted,0.4804,Med,1.2,1.8,-0.184,0.224,Low,,,,,,0.027,1
vv1AeZkfsGkdOAqvU,2026-09-29T22:38:20Z,predicted,0.4054,Low,0.7,1.2,-0.524,-0.184,Low,,,,,,0.027,0.5
vv1AvZkfsGkd56j_u,2026-09-29T22:38:20Z,predicted,0.4054,Low,0.7,1.2,-0.524,-0.184,Low,,,,,,0.027,0.5
vvG1zZ_K56WR1j,2026-09-29T22:38:20Z,predicted,0.4054,Low,0.7,1.2,-0.524,-0.184,Low,,,,,,0.027,0.5
164ZkfMxZZA27G11,2026-09-29T22:38:20Z,predicted,0.4667,Med,1.2,1.8,-0.184,0.224,Low,,,,,,0.3333,0.5
164ZkftJ8ZACku6a,2026-09-29T22:38:20Z,predicted,0.4125,Low,0.7,1.2,-0.524,-0.184,Low,,,,,,0.0625,0.5
16vfZ_3C8G7mANb,2026-09-29T22:38:20Z,predicted,0.4118,Low,0.7,1.2,-0.524,-0.184,Low,,,,,,0.0588,0.5
16vfZ_KJpG7sAX6,2026-09-29T22:38:20Z,predicted,0.4061,Low,0.7,1.2,-0.524,-0.184,Low,,,,,,0.0303,0.5
16vfZ_K_wG7te9o,2026-09-29T22:38:20Z,predicted,0.4143,Low,0.7,1.2,-0.524,-0.184,Low,,,,,,0.0714,0.5
1A4ZkfMGkdGza4s,2026-09-29T22:38:20Z,predicted,0.4125,Low,0.7,1.2,-0.524,-0.184,Low,,,,,,0.0625,0.5
1A4ZkfMGkeJxp8r,2026-09-29T22:38:20Z,predicted,0.4062,Low,0.7,1.2,-0.524,-0.184,Low,,,,,,0.0312,0.5
1A4ZkfMGkePwkuJ,2026-09-29T22:38:20Z,predicted,0.4069,Low,0.7,1.2,-0.524,-0.184,Low,,,,,,0.0345,0.5
1A4ZkfgGkdjQhAU,2026-09-29T22:38:20Z,predicted,0.41,Low,0.7,1.2,-0.524,-0.184,Low,,,,,,0.05,0.5
1A4ZkfwGkdaJCIk,2026-09-29T22:38:20Z,predicted,0.4051,Low,0.7,1.2,-0.524,-0.184,Low,,,,,,0.0256,0.5
1A4ZkfwGkeT7cFE,2026-09-29T22:38:20Z,predicted,0.4041,Low,0.7,1.2,-0.524,-0.184,Low,,,,,,0.0204,0.5
1AOZkfIGkd4KdgK,2026-09-29T22:38:20Z,predicted,0.41,Low,0.7,1.2,-0.524,-0.184,Low,,,,,,0.05,0.5
1AYZkfUGkdWAFJv,2026-09-29T22:38:20Z,predicted,0.4841,Med,1.2,1.8,-0.184,0.224,Low,,,,,,0.0455,1
1AYZkffGkemS4xS,2026-09-29T22:38:20Z,predicted,0.675,Med,1.2,1.8,-0.184,0.224,Low,,,,,,1,1
1AYZkfsGkdUbyXp,2026-09-29T22:38:20Z,predicted,0.4062,Low,0.7,1.2,-0.524,-0.184,Low,,,,,,0.0312,0.5
1AYZkfyGkeMpb8a,2026-09-29T22:38:20Z,predicted,0.6,Med,1.2,1.8,-0.184,0.224,Low,,,,,,1,0.5
1AdZZ_3GkDWsjA0,2026-09-29T22:38:20Z,predicted,0.4051,Low,0.7,1.2,-0.524,-0.184,Low,,,,,,0.0256,0.5
1AeFZ_3GkRjQpan,2026-09-29T22:38:20Z,predicted,0.45,Low,0.7,1.2,-0.524,-0.184,Low,,,,,,0.25,0.5
1AeFZ_3GkX--7Oo,2026-09-29T22:38:20Z,predicted,0.4091,Low,0.7,1.2,-0.524,-0.184,Low,,,,,,0.0455,0.5
1AeFZ_KGkU59x6J,2026-09-29T22:38:20Z,predicted,0.41,Low,0.7,1.2,-0.524,-0.184,Low,,,,,,0.05,0.5
1ApZkfMGkec5zjj,2026-09-29T22:38:20Z,predicted,0.4133,Low,0.7,1.2,-0.524,-0.184,Low,,,,,,0.0667,0.5
1ApZkfUGkdJAl8x,2026-09-29T22:38:20Z,predicted,0.4047,Low,0.7,1.2,-0.524,-0.184,Low,,,,,,0.0233,0.5
1ApZkfUGkdJvl2T,2026-09-29T22:38:20Z,predicted,0.4047,Low,0.7,1.2,-0.524,-0.184,Low,,,,,,0.0233,0.5
1ApZkfgGkd9Zzsh,2026-09-29T22:38:20Z,predicted,0.41,Low,0.7,1.2,-0.524,-0.184,Low,,,,,,0.05,0.5
1ApZkfgGkdLEtrK,2026-09-29T22:38:20Z,predicted,0.4061,Low,0.7,1.2,-0.524,-0.184,Low,,,,,,0.0303,0.5
1ApZkfsGkdQpqGI,2026-09-29T22:38:20Z,predicted,0.4041,Low,0.7,1.2,-0.524,-0.184,Low,,,,,,0.0204,0.5
1ApZkfwGkd8zBXw,2026-09-29T22:38:20Z,predicted,0.4133,Low,0.7,1.2,-0.524,-0.184,Low,,,,,,0.0667,0.5
1ApZkfyGkdPGH7X,2026-09-29T22:38:20Z,predicted,0.4167,Low,0.7,1.2,-0.524,-0.184,Low,,,,,,0.0833,0.5
1ApZkfyGkdv0FDA,2026-09-29T22:38:20Z,predicted,0.41,Low,0.7,1.2,-0.524,-0.184,Low,,,,,,0.05,0.5
1AvbZ_KGkSaU1hg,2026-09-29T22:38:20Z,predicted,0.6,Med,1.2,1.8,-0.184,0.224,Low,,,,,,1,0.5
1AvfZ_KGkw8zA2G,2026-09-29T22:38:20Z,predicted,0.4061,Low,0.7,1.2,-0.524,-0.184,Low,,,,,,0.0303,0.5
1AxZkfUGkdWFF3Y,2026-09-29T22:38:20Z,predicted,0.4041,Low,0.7,1.2,-0.524,-0.184,Low,,,,,,0.0204,0.5
1AxZkfYGkdeBMQj,2026-09-29T22:38:20Z,predicted,0.403,Low,0.7,1.2,-0.524,-0.184,Low,,,,,,0.0149,0.5
1AxZkfgGkdmxEfX,2026-09-29T22:38:20Z,predicted,0.41,Low,0.7,1.2,-0.524,-0.184,Low,,,,,,0.05,0.5
1AxZkfwGkeyNP6z,2026-09-29T22:38:20Z,predicted,0.4091,Low,0.7,1.2,-0.524,-0.184,Low,,,,,,0.0455,0.5
1AxZkfyGkecW4ya,2026-09-29T22:38:20Z,predicted,0.4667,Med,1.2,1.8,-0.184,0.224,Low,,,,,,0.3333,0.5
1avfZ_KPwAxZdGCe,2026-09-29T22:38:20Z,predicted,0.45,Low,0.7,1.2,-0.524,-0.184,Low,,,,,,0.25,0.5
1axZkfs-zZJZe28,2026-09-29T22:38:20Z,predicted,0.4057,Low,0.7,1.2,-0.524,-0.184,Low,,,,,,0.0286,0.5
1kA8vPCFGA2v0_J,2026-09-29T22:38:20Z,predicted,0.4133,Low,0.7,1.2,-0.524,-0.184,Low,,,,,,0.0667,0.5
1kA8vPG9GA1o0A7,2026-09-29T22:38:20Z,predicted,0.4057,Low,0.7,1.2,-0.524,-0.184,Low,,,,,,0.0286,0.5
1kA8vPuOGAuB0mR,2026-09-29T22:38:20Z,predicted,0.4091,Low,0.7,1.2,-0.524,-0.184,Low,,,,,,0.0455,0.5
1kAOvPGtGAuok5Q,2026-09-29T22:38:20Z,predicted,0.41,Low,0.7,1.2,-0.524,-0.184,Low,,,,,,0.05,0.5
1kFOvPGdGA2huxQ,2026-09-29T22:38:20Z,predicted,0.4043,Low,0.7,1.2,-0.524,-0.184,Low,,,,,,0.0217,0.5
G5dIZ_KG-Nr4N,2026-09-29T22:38:20Z,predicted,0.4054,Low,0.7,1.2,-0.524,-0.184,Low,,,,,,0.027,0.5
G5dYZ_KNm2dr5,2026-09-29T22:38:20Z,predicted,0.515,Med,1.2,1.8,-0.184,0.224,Low,,,,,,0.2,1
G5dYZ_KNmKSr2,2026-09-29T22:38:20Z,predicted,0.515,Med,1.2,1.8,-0.184,0.224,Low,,,,,,0.2,1
G5diZ_Kr8E3Se,2026-09-29T22:38:20Z,predicted,0.4812,Med,1.2,1.8,-0.184,0.224,Low,,,,,,0.0312,1
G5eVZ_35jh4XA,2026-09-29T22:38:20Z,predicted,0.5,Med,1.2,1.8,-0.184,0.224,Low,,,,,,0.5,0.5
G5eVZ_K14Klik,2026-09-29T22:38:20Z,predicted,0.4051,Low,0.7,1.2,-0.524,-0.184,Low,,,,,,0.0256,0.5
G5eVZ_K79lk7n,2026-09-29T22:38:20Z,predicted,0.4057,Low,0.7,1.2,-0.524,-0.184,Low,,,,,,0.0286,0.5
G5eVZ_KEGrK_p,2026-09-29T22:38:20Z,predicted,0.4143,Low,0.7,1.2,-0.524,-0.184,Low,,,,,,0.0714,0.5
G5eVZ_KEQ1PIM,2026-09-29T22:38:20Z,predicted,0.4056,Low,0.7,1.2,-0.524,-0.184,Low,,,,,,0.0278,0.5
G5eVZ_KEoC7ae,2026-09-29T22:38:20Z,predicted,0.4043,Low,0.7,1.2,-0.524,-0.184,Low,,,,,,0.0217,0.5
G5eVZ_KL904YH,2026-09-29T22:38:20Z,predicted,0.6,Med,1.2,1.8,-0.184,0.224,Low,,,,,,1,0.5
G5eVZ_KLLJEQL,2026-09-29T22:38:20Z,predicted,0.4062,Low,0.7,1.2,-0.524,-0.184,Low,,,,,,0.0312,0.5
G5eVZ_KM3z71j,2026-09-29T22:38:20Z,predicted,0.4133,Low,0.7,1.2,-0.524,-0.184,Low,,,,,,0.0667,0.5
G5eVZ_KM8WdE9,2026-09-29T22:38:20Z,predicted,0.4143,Low,0.7,1.2,-0.524,-0.184,Low,,,,,,0.0714,0.5
G5eVZ_KO14w8h,2026-09-29T22:38:20Z,predicted,0.45,Low,0.7,1.2,-0.524,-0.184,Low,,,,,,0.25,0.5
G5eVZ_KQU8hmT,2026-09-29T22:38:20Z,predicted,0.4061,Low,0.7,1.2,-0.524,-0.184,Low,,,,,,0.0303,0.5
G5eVZ_Kd9sQW9,2026-09-29T22:38:20Z,predicted,0.41,Low,0.7,1.2,-0.524,-0.184,Low,,,,,,0.05,0.5
G5eVZ_Ke-2cfW,2026-09-29T22:38:20Z,predicted,0.4051,Low,0.7,1.2,-0.524,-0.184,Low,,,,,,0.0256,0.5
G5eVZ_Khc4kmz,2026-09-29T22:38:20Z,predicted,0.41,Low,0.7,1.2,-0.524,-0.184,Low,,,,,,0.05,0.5
G5eVZ_Kj8b4gY,2026-09-29T22:38:20Z,predicted,0.4059,Low,0.7,1.2,-0.524,-0.184,Low,,,,,,0.0294,0.5
G5eVZ_KjBnXaR,2026-09-29T22:38:20Z,predicted,0.6,Med,1.2,1.8,-0.184,0.224,Low,,,,,,1,0.5
G5eVZ_KkUPpJ_,2026-09-29T22:38:20Z,predicted,0.41,Low,0.7,1.2,-0.524,-0.184,Low,,,,,,0.05,0.5
G5eVZ_Kpqg6lj,2026-09-29T22:38:20Z,predicted,0.4041,Low,0.7,1.2,-0.524,-0.184,Low,,,,,,0.0204,0.5
G5eVZ_Kw0Ky6m,2026-09-29T22:38:20Z,predicted,0.4133,Low,0.7,1.2,-0.524,-0.184,Low,,,,,,0.0667,0.5
G5eVZ_Kx4nbzB,2026-09-29T22:38:20Z,predicted,0.4091,Low,0.7,1.2,-0.524,-0.184,Low,,,,,,0.0455,0.5
G5eVZ_KxHzmzY,2026-09-29T22:38:20Z,predicted,0.41,Low,0.7,1.2,-0.524,-0.184,Low,,,,,,0.05,0.5
G5eVZ_oXpya4d,2026-09-29T22:38:20Z,predicted,0.41,Low,0.7,1.2,-0.524,-0.184,Low,,,,,,0.05,0.5
G5vVZ_K5DwnJz,2026-09-29T22:38:20Z,predicted,0.4791,Med,1.2,1.8,-0.184,0.224,Low,,,,,,0.0204,1
G5vVZ_KCI8xEi,2026-09-29T22:38:20Z,predicted,0.4875,Med,1.2,1.8,-0.184,0.224,Low,,,,,,0.0625,1
G5vVZ_KEN_B9D,2026-09-29T22:38:20Z,predicted,0.675,Med,1.2,1.8,-0.184,0.224,Low,,,,,,1,1
G5vVZ_KG9t6qy,2026-09-29T22:38:20Z,predicted,0.4917,Med,1.2,1.8,-0.184,0.224,Low,,,,,,0.0833,1
G5vVZ_KLQzIOW,2026-09-29T22:38:20Z,predicted,0.575,Med,1.2,1.8,-0.184,0.224,Low,,,,,,0.5,1
G5vVZ_KN4LkYJ,2026-09-29T22:38:20Z,predicted,0.4806,Med,1.2,1.8,-0.184,0.224,Low,,,,,,0.0278,1
G5vVZ_KhQ_FXg,2026-09-29T22:38:20Z,predicted,0.4809,Med,1.2,1.8,-0.184,0.224,Low,,,,,,0.0294,1
G5vVZ_Kx-SKxh,2026-09-29T22:38:20Z,predicted,0.4797,Med,1.2,1.8,-0.184,0.224,Low,,,,,,0.0233,1
G5vVZ_Kx-VNxL,2026-09-29T22:38:20Z,predicted,0.4797,Med,1.2,1.8,-0.184,0.224,Low,,,,,,0.0233,1
G5vVZ_Kx-gSxN,2026-09-29T22:38:20Z,predicted,0.4797,Med,1.2,1.8,-0.184,0.224,Low,,,,,,0.0233,1
G5viZ_3WIe3-P,2026-09-29T22:38:20Z,predicted,0.4051,Low,0.7,1.2,-0.524,-0.184,Low,,,,,,0.0256,0.5
G5viZ_K1fJ_UK,2026-09-29T22:38:20Z,predicted,0.4167,Low,0.7,1.2,-0.524,-0.184,Low,,,,,,0.0833,0.5
G5viZ_KQuOMZv,2026-09-29T22:38:20Z,predicted,0.4133,Low,0.7,1.2,-0.524,-0.184,Low,,,,,,0.0667,0.5
G5viZ_KepFQ3L,2026-09-29T22:38:20Z,predicted,0.41,Low,0.7,1.2,-0.524,-0.184,Low,,,,,,0.05,0.5
G5viZ_KkfBbEo,2026-09-29T22:38:20Z,predicted,0.4133,Low,0.7,1.2,-0.524,-0.184,Low,,,,,,0.0667,0.5
G5viZ_Kx-FGjS,2026-09-29T22:38:20Z,predicted,0.4061,Low,0.7,1.2,-0.524,-0.184,Low,,,,,,0.0303,0.5
G5viZ_KxNNiSu,2026-09-29T22:38:20Z,predicted,0.5,Med,1.2,1.8,-0.184,0.224,Low,,,,,,0.5,0.5
G5viZ_KxQl59w,2026-09-29T22:38:20Z,predicted,0.6,Med,1.2,1.8,-0.184,0.224,Low,,,,,,1,0.5
G5viZ_KxaVMMA,2026-09-29T22:38:20Z,predicted,0.5,Med,1.2,1.8,-0.184,0.224,Low,,,,,,,0.5
G5viZ_Kxryiki,2026-09-29T22:38:20Z,predicted,0.44,Low,0.7,1.2,-0.524,-0.184,Low,,,,,,0.2,0.5
k7v17_KJoG7I1WL,2026-09-29T22:38:20Z,predicted,0.5,Med,1.2,1.8,-0.184,0.224,Low,,,,,,0.5,0.5
k7v17_Kr_G7IbrI,2026-09-29T22:38:20Z,predicted,0.4806,Med,1.2,1.8,-0.184,0.224,Low,,,,,,0.0278,1
k7v17_Kr_G7tIrY,2026-09-29T22:38:20Z,predicted,0.4806,Med,1.2,1.8,-0.184,0.224,Low,,,,,,0.0278,1
k7v1Ak39PeZA8GAea,2026-09-29T22:38:20Z,predicted,0.4333,Low,0.7,1.2,-0.524,-0.184,Low,,,,,,0.1667,0.5
k7v1Ako_v_ZA5CGCC,2026-09-29T22:38:20Z,predicted,0.48,Med,1.2,1.8,-0.184,0.224,Low,,,,,,0.025,1
k7v1Ako_v_ZACCG27,2026-09-29T22:38:20Z,predicted,0.48,Med,1.2,1.8,-0.184,0.224,Low,,,,,,0.025,1
k7v1kvPC_-7Z7u16k,2026-09-29T22:38:20Z,predicted,0.575,Med,1.2,1.8,-0.184,0.224,Low,,,,,,,1
k7vGF_3cB94mt,2026-09-29T22:38:20Z,predicted,0.4154,Low,0.7,1.2,-0.524,-0.184,Low,,,,,,0.0769,0.5
k7vGF_K-CXQw3,2026-09-29T22:38:20Z,predicted,0.5083,Med,1.2,1.8,-0.184,0.224,Low,,,,,,0.1667,1
k7vGF_K1rWXJY,2026-09-29T22:38:20Z,predicted,0.4051,Low,0.7,1.2,-0.524,-0.184,Low,,,,,,0.0256,0.5
k7vGF_K5g7j_g,2026-09-29T22:38:20Z,predicted,0.4807,Med,1.2,1.8,-0.184,0.224,Low,,,,,,0.0286,1
k7vGF_K9lboi8,2026-09-29T22:38:20Z,predicted,0.4041,Low,0.7,1.2,-0.524,-0.184,Low,,,,,,0.0204,0.5
k7vGF_KE2muse,2026-09-29T22:38:20Z,predicted,0.4819,Med,1.2,1.8,-0.184,0.224,Low,,,,,,0.0345,1
k7vGF_KEKAXDB,2026-09-29T22:38:20Z,predicted,0.4811,Med,1.2,1.8,-0.184,0.224,Low,,,,,,0.0303,1
k7vGF_KEUr62b,2026-09-29T22:38:20Z,predicted,0.4811,Med,1.2,1.8,-0.184,0.224,Low,,,,,,0.0303,1
k7vGF_KErKgwD,2026-09-29T22:38:20Z,predicted,0.485,Med,1.2,1.8,-0.184,0.224,Low,,,,,,0.05,1
k7vGF_KJ-umcj,2026-09-29T22:38:20Z,predicted,0.5036,Med,1.2,1.8,-0.184,0.224,Low,,,,,,0.1429,1
k7vGF_KLO_48u,2026-09-29T22:38:20Z,predicted,0.4893,Med,1.2,1.8,-0.184,0.224,Low,,,,,,0.0714,1
k7vGF_KN1yPvn,2026-09-29T22:38:20Z,predicted,0.4061,Low,0.7,1.2,-0.524,-0.184,Low,,,,,,0.0303,0.5
k7vGF_KN4A9wv,2026-09-29T22:38:20Z,predicted,0.5,Med,1.2,1.8,-0.184,0.224,Low,,,,,,0.5,0.5
k7vGF_KN4dMsh,2026-09-29T22:38:20Z,predicted,0.5,Med,1.2,1.8,-0.184,0.224,Low,,,,,,0.5,0.5
k7vGF_KNAISMp,2026-09-29T22:38:20Z,predicted,0.4286,Low,0.7,1.2,-0.524,-0.184,Low,,,,,,0.1429,0.5
k7vGF_KNAuNYA,2026-09-29T22:38:20Z,predicted,0.5036,Med,1.2,1.8,-0.184,0.224,Low,,,,,,0.1429,1
k7vGF_KNJLGim,2026-09-29T22:38:20Z,predicted,0.4837,Med,1.2,1.8,-0.184,0.224,Low,,,,,,0.0435,1
k7vGF_KQHvCG1,2026-09-29T22:38:20Z,predicted,0.4061,Low,0.7,1.2,-0.524,-0.184,Low,,,,,,0.0303,0.5
k7vGF_KQmDiuK,2026-09-29T22:38:20Z,predicted,0.4061,Low,0.7,1.2,-0.524,-0.184,Low,,,,,,0.0303,0.5
k7vGF_KSV3ffg,2026-09-29T22:38:20Z,predicted,0.5,Med,1.2,1.8,-0.184,0.224,Low,,,,,,,0.5
k7vGF_KYftaAS,2026-09-29T22:38:20Z,predicted,0.525,Med,1.2,1.8,-0.184,0.224,Low,,,,,,0.25,1
k7vGF_KiCtNjM,2026-09-29T22:38:20Z,predicted,0.4821,Med,1.2,1.8,-0.184,0.224,Low,,,,,,0.0357,1
k7vGF_KkxvstO,2026-09-29T22:38:20Z,predicted,0.4801,Med,1.2,1.8,-0.184,0.224,Low,,,,,,0.0256,1
k7vGF_KxVnXBa,2026-09-29T22:38:20Z,predicted,0.485,Med,1.2,1.8,-0.184,0.224,Low,,,,,,0.05,1
k7vGF_oTjiEHk,2026-09-29T22:38:20Z,predicted,0.5417,Med,1.2,1.8,-0.184,0.224,Low,,,,,,0.3333,1
vv11fZ_KQk_fFv,2026-09-29T22:38:20Z,predicted,0.5,Med,1.2,1.8,-0.184,0.224,Low,,,,,,0.5,0.5
vv167ZkfYJ6ZA2226k,2026-09-29T22:38:20Z,predicted,0.4917,Med,1.2,1.8,-0.184,0.224,Low,,,,,,0.0833,1
vv16FZkfMA3ZAC8uka,2026-09-29T22:38:20Z,predicted,0.4059,Low,0.7,1.2,-0.524,-0.184,Low,,,,,,0.0294,0.5
vv16OvPCvrkZ75aF7,2026-09-29T22:38:20Z,predicted,0.4057,Low,0.7,1.2,-0.524,-0.184,Low,,,,,,0.0286,0.5
vv16eZkfg0aZAuk2aF,2026-09-29T22:38:20Z,predicted,0.4333,Low,0.7,1.2,-0.524,-0.184,Low,,,,,,0.1667,0.5
vv16eZkfzJ3ZAG1veA,2026-09-29T22:38:20Z,predicted,0.42,Low,0.7,1.2,-0.524,-0.184,Low,,,,,,0.1,0.5
vv177Z_3GkDpMkq9,2026-09-29T22:38:20Z,predicted,0.4118,Low,0.7,1.2,-0.524,-0.184,Low,,,,,,0.0588,0.5
vv177Z_3GkDyFmTJ,2026-09-29T22:38:20Z,predicted,0.4125,Low,0.7,1.2,-0.524,-0.184,Low,,,,,,0.0625,0.5
vv177Z_3GkIoZDVT,2026-09-29T22:38:20Z,predicted,0.41,Low,0.7,1.2,-0.524,-0.184,Low,,,,,,0.05,0.5
vv177Z_KGkI-AAgw,2026-09-29T22:38:20Z,predicted,0.5,Med,1.2,1.8,-0.184,0.224,Low,,,,,,,0.5
vv177Z_KGkIrd7TK,2026-09-29T22:38:20Z,predicted,0.6,Med,1.2,1.8,-0.184,0.224,Low,,,,,,1,0.5
vv177Z_KGkSAw-nS,2026-09-29T22:38:20Z,predicted,0.4071,Low,0.7,1.2,-0.524,-0.184,Low,,,,,,0.0357,0.5
vv177Z_KGkUJknox,2026-09-29T22:38:20Z,predicted,0.4125,Low,0.7,1.2,-0.524,-0.184,Low,,,,,,0.0625,0.5
vv177Z_KGkUgBqyG,2026-09-29T22:38:20Z,predicted,0.4125,Low,0.7,1.2,-0.524,-0.184,Low,,,,,,0.0625,0.5
vv177Z_KGklhkgP3,2026-09-29T22:38:20Z,predicted,0.4069,Low,0.7,1.2,-0.524,-0.184,Low,,,,,,0.0345,0.5
vv17FZ_3Gkl7qR4L,2026-09-29T22:38:20Z,predicted,0.4125,Low,0.7,1.2,-0.524,-0.184,Low,,,,,,0.0625,0.5
vv17FZ_KGknRtyU5,2026-09-29T22:38:20Z,predicted,0.5,Med,1.2,1.8,-0.184,0.224,Low,,,,,,0.125,1
vv17FZ_KGknVy1EE,2026-09-29T22:38:20Z,predicted,0.495,Med,1.2,1.8,-0.184,0.224,Low,,,,,,0.1,1
vv17OZ_3GkXyRMwC,2026-09-29T22:38:20Z,predicted,0.4057,Low,0.7,1.2,-0.524,-0.184,Low,,,,,,0.0286,0.5
vv17OZ_KGkwcE7pq,2026-09-29T22:38:20Z,predicted,0.6,Med,1.2,1.8,-0.184,0.224,Low,,,,,,1,0.5
vv17fZ_KGktvqJTP,2026-09-29T22:38:20Z,predicted,0.45,Low,0.7,1.2,-0.524,-0.184,Low,,,,,,0.25,0.5
vv1A7ZkfVGkeDL1J-,2026-09-29T22:38:20Z,predicted,0.575,Med,1.2,1.8,-0.184,0.224,Low,,,,,,,1
vv1A8vPGbGAuU_ra,2026-09-29T22:38:20Z,predicted,0.4333,Low,0.7,1.2,-0.524,-0.184,Low,,,,,,0.1667,0.5
vv1A8vPuzGA1baPr,2026-09-29T22:38:20Z,predicted,0.4062,Low,0.7,1.2,-0.524,-0.184,Low,,,,,,0.0312,0.5
vv1AAZkfUGkd1tp2D,2026-09-29T22:38:20Z,predicted,0.6,Med,1.2,1.8,-0.184,0.224,Low,,,,,,1,0.5
vv1AAZkfUGkden0Bc,2026-09-29T22:38:20Z,predicted,0.4041,Low,0.7,1.2,-0.524,-0.184,Low,,,,,,0.0204,0.5
vv1AAZkfgGkeU7rBe,2026-09-29T22:38:20Z,predicted,0.4062,Low,0.7,1.2,-0.524,-0.184,Low,,,,,,0.0312,0.5
vv1AAZkfsGkdcvKcQ,2026-09-29T22:38:20Z,predicted,0.6,Med,1.2,1.8,-0.184,0.224,Low,,,,,,1,0.5
vv1AAZkfzGkd0Kezk,2026-09-29T22:38:20Z,predicted,0.4061,Low,0.7,1.2,-0.524,-0.184,Low,,,,,,0.0303,0.5
vv1AAZkfzGkdSA0Ui,2026-09-29T22:38:20Z,predicted,0.4061,Low,0.7,1.2,-0.524,-0.184,Low,,,,,,0.0303,0.5
vv1AAZkfzGkeUTDUJ,2026-09-29T22:38:20Z,predicted,0.4059,Low,0.7,1.2,-0.524,-0.184,Low,,,,,,0.0294,0.5
vv1AFZkf0Gkd_zy7p,2026-09-29T22:38:20Z,predicted,0.5,Med,1.2,1.8,-0.184,0.224,Low,,,,,,0.5,0.5
vv1AFZkfMGkdD0jD5,2026-09-29T22:38:20Z,predicted,0.4062,Low,0.7,1.2,-0.524,-0.184,Low,,,,,,0.0312,0.5
vv1AFZkfMGkdGjznY,2026-09-29T22:38:20Z,predicted,0.4087,Low,0.7,1.2,-0.524,-0.184,Low,,,,,,0.0435,0.5
vv1AFZkfSGkdkXFme,2026-09-29T22:38:20Z,predicted,0.4091,Low,0.7,1.2,-0.524,-0.184,Low,,,,,,0.0455,0.5
vv1AFZkfgGkeTsgvf,2026-09-29T22:38:20Z,predicted,0.4071,Low,0.7,1.2,-0.524,-0.184,Low,,,,,,0.0357,0.5
vv1AFZkfgGkemn0a8,2026-09-29T22:38:20Z,predicted,0.4071,Low,0.7,1.2,-0.524,-0.184,Low,,,,,,0.0357,0.5
vv1AFZkfsGkezXbCf,2026-09-29T22:38:20Z,predicted,0.44,Low,0.7,1.2,-0.524,-0.184,Low,,,,,,0.2,0.5
vv1AFZkfwGkd2P_Kw,2026-09-29T22:38:20Z,predicted,0.41,Low,0.7,1.2,-0.524,-0.184,Low,,,,,,0.05,0.5
vv1AFZkfwGkdw_jCp,2026-09-29T22:38:20Z,predicted,0.4051,Low,0.7,1.2,-0.524,-0.184,Low,,,,,,0.0256,0.5
vv1AOvPCaGA2Inet,2026-09-29T22:38:20Z,predicted,0.4154,Low,0.7,1.2,-0.524,-0.184,Low,,,,,,0.0769,0.5
vv1AOvPCeGAuJWDo,2026-09-29T22:38:20Z,predicted,0.4069,Low,0.7,1.2,-0.524,-0.184,Low,,,,,,0.0345,0.5
vv1AOvPG_GA5LjZY,2026-09-29T22:38:20Z,predicted,0.4043,Low,0.7,1.2,-0.524,-0.184,Low,,,,,,0.0217,0.5
vv1AOvPu8GA5v1AT,2026-09-29T22:38:20Z,predicted,0.4143,Low,0.7,1.2,-0.524,-0.184,Low,,,,,,0.0714,0.5
vv1AOvPuyGAupavq,2026-09-29T22:38:20Z,predicted,0.4031,Low,0.7,1.2,-0.524,-0.184,Low,,,,,,0.0156,0.5
vv1AeZkfMGkd7ur8T,2026-09-29T22:38:20Z,predicted,0.4667,Med,1.2,1.8,-0.184,0.224,Low,,,,,,0.3333,0.5
vv1AeZkfMGkdC8RnU,2026-09-29T22:38:20Z,predicted,0.4333,Low,0.7,1.2,-0.524,-0.184,Low,,,,,,0.1667,0.5
vv1AeZkfMGkdeXrkK,2026-09-29T22:38:20Z,predicted,0.4667,Med,1.2,1.8,-0.184,0.224,Low,,,,,,0.3333,0.5
vv1AeZkfMGkdtwglS,2026-09-29T22:38:20Z,predicted,0.4043,Low,0.7,1.2,-0.524,-0.184,Low,,,,,,0.0217,0.5
vv1AeZkfMGkegJGo6,2026-09-29T22:38:20Z,predicted,0.4841,Med,1.2,1.8,-0.184,0.224,Low,,,,,,0.0455,1
vv1AeZkfMGkexqysz,2026-09-29T22:38:20Z,predicted,0.4071,Low,0.7,1.2,-0.524,-0.184,Low,,,,,,0.0357,0.5
vv1AeZkfUGke-q6sN,2026-09-29T22:38:20Z,predicted,0.4841,Med,1.2,1.8,-0.184,0.224,Low,,,,,,0.0455,1
vv1AeZkfUGkemPa0J,2026-09-29T22:38:20Z,predicted,0.4041,Low,0.7,1.2,-0.524,-0.184,Low,,,,,,0.0204,0.5
vv1AeZkfYGkecacWB,2026-09-29T22:38:20Z,predicted,0.4333,Low,0.7,1.2,-0.524,-0.184,Low,,,,,,0.1667,0.5
vv1AeZkfzGkd1yflE,2026-09-29T22:38:20Z,predicted,0.4061,Low,0.7,1.2,-0.524,-0.184,Low,,,,,,0.0303,0.5
vv1AeZkfzGkdCb4Os,2026-09-29T22:38:20Z,predicted,0.4667,Med,1.2,1.8,-0.184,0.224,Low,,,,,,0.3333,0.5
vv1AeZkfzGkdCrPxj,2026-09-29T22:38:20Z,predicted,0.4125,Low,0.7,1.2,-0.524,-0.184,Low,,,,,,0.0625,0.5
vv1AeZkfzGkdKKUb8,2026-09-29T22:38:20Z,predicted,0.4061,Low,0.7,1.2,-0.524,-0.184,Low,,,,,,0.0303,0.5
vv1AeZkfzGkdoFPTT,2026-09-29T22:38:20Z,predicted,0.4118,Low,0.7,1.2,-0.524,-0.184,Low,,,,,,0.0588,0.5
vv1AeZkfzGkduN44V,2026-09-29T22:38:20Z,predicted,0.4809,Med,1.2,1.8,-0.184,0.224,Low,,,,,,0.0294,1
vv1AeZkfzGkeVdmTC,2026-09-29T22:38:20Z,predicted,0.42,Low,0.7,1.2,-0.524,-0.184,Low,,,,,,0.1,0.5
vv1AeZkfzGkecfWzD,2026-09-29T22:38:20Z,predicted,0.4809,Med,1.2,1.8,-0.184,0.224,Low,,,,,,0.0294,1
vv1AvZkfMGkdn5kyE,2026-09-29T22:38:20Z,predicted,0.4091,Low,0.7,1.2,-0.524,-0.184,Low,,,,,,0.0455,0.5
vv1AvZkfYGkdtQJZ9,2026-09-29T22:38:20Z,predicted,0.4091,Low,0.7,1.2,-0.524,-0.184,Low,,,,,,0.0455,0.5
vv1AvZkfYGkdvXBUH,2026-09-29T22:38:20Z,predicted,0.4057,Low,0.7,1.2,-0.524,-0.184,Low,,,,,,0.0286,0.5
vv1AvZkfgGkdLc1NV,2026-09-29T22:38:20Z,predicted,0.4118,Low,0.7,1.2,-0.524,-0.184,Low,,,,,,0.0588,0.5
vv1AvZkfgGke0hlEd,2026-09-29T22:38:20Z,predicted,0.4125,Low,0.7,1.2,-0.524,-0.184,Low,,,,,,0.0625,0.5
vv1AvZkfsGke-eLVi,2026-09-29T22:38:20Z,predicted,0.4051,Low,0.7,1.2,-0.524,-0.184,Low,,,,,,0.0256,0.5
vv1AvZkfwGke0hYNm,2026-09-29T22:38:20Z,predicted,0.4051,Low,0.7,1.2,-0.524,-0.184,Low,,,,,,0.0256,0.5
vv1AvZkfyGkd_fMvi,2026-09-29T22:38:20Z,predicted,0.4061,Low,0.7,1.2,-0.524,-0.184,Low,,,,,,0.0303,0.5
vv1AvZkfyGkdqQF4e,2026-09-29T22:38:20Z,predicted,0.44,Low,0.7,1.2,-0.524,-0.184,Low,,,,,,0.2,0.5
vv1AvZkfyGkdqQz4b,2026-09-29T22:38:20Z,predicted,0.44,Low,0.7,1.2,-0.524,-0.184,Low,,,,,,0.2,0.5
vv1AvZkfzGkd_vPbt,2026-09-29T22:38:20Z,predicted,0.4069,Low,0.7,1.2,-0.524,-0.184,Low,,,,,,0.0345,0.5
vv1AvZkfzGke0VNQU,2026-09-29T22:38:20Z,predicted,0.4061,Low,0.7,1.2,-0.524,-0.184,Low,,,,,,0.0303,0.5
vv1AvZkfzGkeym1AR,2026-09-29T22:38:20Z,predicted,0.4143,Low,0.7,1.2,-0.524,-0.184,Low,,,,,,0.0714,0.5
vv1k7Z_Kr_G7Rccc,2026-09-29T22:38:20Z,predicted,0.4059,Low,0.7,1.2,-0.524,-0.184,Low,,,,,,0.0294,0.5
vv1kFZ_Kb_G7tiJd,2026-09-29T22:38:20Z,predicted,0.4333,Low,0.7,1.2,-0.524,-0.184,Low,,,,,,0.1667,0.5
vv1keZvPCaGA2AVD6,2026-09-29T22:38:20Z,predicted,0.4061,Low,0.7,1.2,-0.524,-0.184,Low,,,,,,0.0303,0.5
vv1keZvPG_GA5ZP8L,2026-09-29T22:38:20Z,predicted,0.4043,Low,0.7,1.2,-0.524,-0.184,Low,,,,,,0.0217,0.5
vv1kfZ_KjFG7I7Co,2026-09-29T22:38:20Z,predicted,0.4083,Low,0.7,1.2,-0.524,-0.184,Low,,,,,,0.0417,0.5
vv1kv8vPu8GA1iLbE,2026-09-29T22:38:20Z,predicted,0.4041,Low,0.7,1.2,-0.524,-0.184,Low,,,,,,0.0204,0.5
vv1kvZvPCFGAu-4Pk,2026-09-29T22:38:20Z,predicted,0.675,Med,1.2,1.8,-0.184,0.224,Low,,,,,,1,1
vvG1OZ_2BUSzFH,2026-09-29T22:38:20Z,predicted,0.4069,Low,0.7,1.2,-0.524,-0.184,Low,,,,,,0.0345,0.5
vvG1VZ_3TCuGW8,2026-09-29T22:38:20Z,predicted,0.41,Low,0.7,1.2,-0.524,-0.184,Low,,,,,,0.05,0.5
vvG1VZ_3T_Jrbe,2026-09-29T22:38:20Z,predicted,0.4053,Low,0.7,1.2,-0.524,-0.184,Low,,,,,,0.0263,0.5
vvG1VZ_K9lSiLT,2026-09-29T22:38:20Z,predicted,0.4091,Low,0.7,1.2,-0.524,-0.184,Low,,,,,,0.0455,0.5
vvG1VZ_KUG5Nyd,2026-09-29T22:38:20Z,predicted,0.41,Low,0.7,1.2,-0.524,-0.184,Low,,,,,,0.05,0.5
vvG1VZ_KhvmypQ,2026-09-29T22:38:20Z,predicted,0.4041,Low,0.7,1.2,-0.524,-0.184,Low,,,,,,0.0204,0.5
vvG1VZ_Kw7PSGe,2026-09-29T22:38:20Z,predicted,0.4125,Low,0.7,1.2,-0.524,-0.184,Low,,,,,,0.0625,0.5
vvG1VZ_Kw9G0Pu,2026-09-29T22:38:20Z,predicted,0.4061,Low,0.7,1.2,-0.524,-0.184,Low,,,,,,0.0303,0.5
vvG1VZ_Kxhy63e,2026-09-29T22:38:20Z,predicted,0.42,Low,0.7,1.2,-0.524,-0.184,Low,,,,,,0.1,0.5
vvG1YZ_K1uYp5G,2026-09-29T22:38:20Z,predicted,0.4054,Low,0.7,1.2,-0.524,-0.184,Low,,,,,,0.027,0.5
vvG1zZ_36r4eng,2026-09-29T22:38:20Z,predicted,0.4026,Low,0.7,1.2,-0.524,-0.184,Low,,,,,,0.013,0.5
vvG1zZ_K9bpcNa,2026-09-29T22:38:20Z,predicted,0.4057,Low,0.7,1.2,-0.524,-0.184,Low,,,,,,0.0286,0.5
vvG1zZ_KE6ERFU,2026-09-29T22:38:20Z,predicted,0.4062,Low,0.7,1.2,-0.524,-0.184,Low,,,,,,0.0312,0.5
vvG1zZ_KEfnxks,2026-09-29T22:38:20Z,predicted,0.425,Low,0.7,1.2,-0.524,-0.184,Low,,,,,,0.125,0.5
vvG1zZ_KLWyFXU,2026-09-29T22:38:20Z,predicted,0.4043,Low,0.7,1.2,-0.524,-0.184,Low,,,,,,0.0217,0.5
vvG1zZ_KNffIr8,2026-09-29T22:38:20Z,predicted,0.4069,Low,0.7,1.2,-0.524,-0.184,Low,,,,,,0.0345,0.5
vvG1zZ_KQYztcf,2026-09-29T22:38:20Z,predicted,0.4067,Low,0.7,1.2,-0.524,-0.184,Low,,,,,,0.0333,0.5
vvG1zZ_KQs5tY6,2026-09-29T22:38:20Z,predicted,0.4091,Low,0.7,1.2,-0.524,-0.184,Low,,,,,,0.0455,0.5
vvG1zZ_KhaeGxg,2026-09-29T22:38:20Z,predicted,0.4133,Low,0.7,1.2,-0.524,-0.184,Low,,,,,,0.0667,0.5
vvG1zZ_Kj5SDsC,2026-09-29T22:38:20Z,predicted,0.403,Low,0.7,1.2,-0.524,-0.184,Low,,,,,,0.0152,0.5
vvG1zZ_KjFmD1a,2026-09-29T22:38:20Z,predicted,0.4133,Low,0.7,1.2,-0.524,-0.184,Low,,,,,,0.0667,0.5
vvG1zZ_KlPlvny,2026-09-29T22:38:20Z,predicted,0.45,Low,0.7,1.2,-0.524,-0.184,Low,,,,,,0.25,0.5
vvG1zZ_KxWhwHz,2026-09-29T22:38:20Z,predicted,0.4059,Low,0.7,1.2,-0.524,-0.184,Low,,,,,,0.0294,0.5
16e7Z_KkfG7V38V,2026-09-29T22:38:20Z,predicted,0.4793,Med,1.2,1.8,-0.184,0.224,Low,,,,,,0.0217,1
1A-ZkfyGkeHcaMO,2026-09-29T22:38:20Z,predicted,0.4059,Low,0.7,1.2,-0.524,-0.184,Low,,,,,,0.0294,0.5
1A-ZkfzGkd4jlj9,2026-09-29T22:38:20Z,predicted,0.495,Med,1.2,1.8,-0.184,0.224,Low,,,,,,0.1,1
1AOZkfUGkdZJNzs,2026-09-29T22:38:20Z,predicted,0.41,Low,0.7,1.2,-0.524,-0.184,Low,,,,,,0.05,0.5
1AOZkfgGkd6YdLE,2026-09-29T22:38:20Z,predicted,0.4041,Low,0.7,1.2,-0.524,-0.184,Low,,,,,,0.0204,0.5
1AOZkfgGkeVz3BB,2026-09-29T22:38:20Z,predicted,0.4133,Low,0.7,1.2,-0.524,-0.184,Low,,,,,,0.0667,0.5
1AOZkfsGkexhV7N,2026-09-29T22:38:20Z,predicted,0.4051,Low,0.7,1.2,-0.524,-0.184,Low,,,,,,0.0256,0.5
1AOZkfwGkeW179e,2026-09-29T22:38:20Z,predicted,0.4061,Low,0.7,1.2,-0.524,-0.184,Low,,,,,,0.0303,0.5
1AOZkfyGkdKkV-j,2026-09-29T22:38:20Z,predicted,0.4111,Low,0.7,1.2,-0.524,-0.184,Low,,,,,,0.0556,0.5
1Ae7Z_3GkTpCJjf,2026-09-29T22:38:20Z,predicted,0.41,Low,0.7,1.2,-0.524,-0.184,Low,,,,,,0.05,0.5
1Ae7Z_3Gkl_iPXp,2026-09-29T22:38:20Z,predicted,0.5083,Med,1.2,1.8,-0.184,0.224,Low,,,,,,0.1667,1
1AeZZ_KGkSGAVIF,2026-09-29T22:38:20Z,predicted,0.4083,Low,0.7,1.2,-0.524,-0.184,Low,,,,,,0.0417,0.5
1AeZZ_KGkUpj3Su,2026-09-29T22:38:20Z,predicted,0.6,Med,1.2,1.8,-0.184,0.224,Low,,,,,,1,0.5
1AvbZ_KGkYeSXD2,2026-09-29T22:38:20Z,predicted,0.4222,Low,0.7,1.2,-0.524,-0.184,Low,,,,,,0.1111,0.5
1aeZZ_KekboZdu2k,2026-09-29T22:38:20Z,predicted,0.41,Low,0.7,1.2,-0.524,-0.184,Low,,,,,,0.05,0.5
1kF8vPuxGA2bmAV,2026-09-29T22:38:20Z,predicted,0.4667,Med,1.2,1.8,-0.184,0.224,Low,,,,,,0.3333,0.5
1kFZvPCFGA1x3oG,2026-09-29T22:38:20Z,predicted,0.4061,Low,0.7,1.2,-0.524,-0.184,Low,,,,,,0.0303,0.5
G5dIZ_K1qabC1,2026-09-29T22:38:20Z,predicted,0.4062,Low,0.7,1.2,-0.524,-0.184,Low,,,,,,0.0312,0.5
G5dIZ_KIZXfXn,2026-09-29T22:38:20Z,predicted,0.5,Med,1.2,1.8,-0.184,0.224,Low,,,,,,0.5,0.5
G5dIZ_KJDVHi6,2026-09-29T22:38:20Z,predicted,0.4059,Low,0.7,1.2,-0.524,-0.184,Low,,,,,,0.0294,0.5
G5dIZ_KNhZAXB,2026-09-29T22:38:20Z,predicted,0.425,Low,0.7,1.2,-0.524,-0.184,Low,,,,,,0.125,0.5
G5dIZ_Kh8LC6s,2026-09-29T22:38:20Z,predicted,0.4041,Low,0.7,1.2,-0.524,-0.184,Low,,,,,,0.0204,0.5
G5dIZ_KhpfRRG,2026-09-29T22:38:20Z,predicted,0.4057,Low,0.7,1.2,-0.524,-0.184,Low,,,,,,0.0286,0.5
G5dIZ_Kj4p1n0,2026-09-29T22:38:20Z,predicted,0.4222,Low,0.7,1.2,-0.524,-0.184,Low,,,,,,0.1111,0.5
G5dIZ_KkBAWh-,2026-09-29T22:38:20Z,predicted,0.41,Low,0.7,1.2,-0.524,-0.184,Low,,,,,,0.05,0.5
G5dIZ_Kko6pz2,2026-09-29T22:38:20Z,predicted,0.4062,Low,0.7,1.2,-0.524,-0.184,Low,,,,,,0.0312,0.5
G5dIZ_Kx0Z68q,2026-09-29T22:38:20Z,predicted,0.4125,Low,0.7,1.2,-0.524,-0.184,Low,,,,,,0.0625,0.5
G5dIZ_KxUTltw,2026-09-29T22:38:20Z,predicted,0.4043,Low,0.7,1.2,-0.524,-0.184,Low,,,,,,0.0217,0.5
G5dIZ_KxWqqCm,2026-09-29T22:38:20Z,predicted,0.4043,Low,0.7,1.2,-0.524,-0.184,Low,,,,,,0.0217,0.5
G5dIZ_KxYR19R,2026-09-29T22:38:20Z,predicted,0.4069,Low,0.7,1.2,-0.524,-0.184,Low,,,,,,0.0345,0.5
G5dIZ_KxqS4DF,2026-09-29T22:38:20Z,predicted,0.4061,Low,0.7,1.2,-0.524,-0.184,Low,,,,,,0.0303,0.5
G5viZ_3R9L7s7,2026-09-29T22:38:20Z,predicted,0.4051,Low,0.7,1.2,-0.524,-0.184,Low,,,,,,0.0256,0.5
G5viZ_3T3qKQr,2026-09-29T22:38:20Z,predicted,0.4051,Low,0.7,1.2,-0.524,-0.184,Low,,,,,,0.0256,0.5
G5viZ_3TrsgbL,2026-09-29T22:38:20Z,predicted,0.4133,Low,0.7,1.2,-0.524,-0.184,Low,,,,,,0.0667,0.5
G5viZ_K1t4cqS,2026-09-29T22:38:20Z,predicted,0.41,Low,0.7,1.2,-0.524,-0.184,Low,,,,,,0.05,0.5
G5viZ_K1tpWrF,2026-09-29T22:38:20Z,predicted,0.41,Low,0.7,1.2,-0.524,-0.184,Low,,,,,,0.05,0.5
G5viZ_K5ft6hv,2026-09-29T22:38:20Z,predicted,0.4051,Low,0.7,1.2,-0.524,-0.184,Low,,,,,,0.0256,0.5
G5viZ_K6CsS2K,2026-09-29T22:38:20Z,predicted,0.4091,Low,0.7,1.2,-0.524,-0.184,Low,,,,,,0.0455,0.5
G5viZ_KEG-pvR,2026-09-29T22:38:20Z,predicted,0.4061,Low,0.7,1.2,-0.524,-0.184,Low,,,,,,0.0303,0.5
G5viZ_KJGQIYX,2026-09-29T22:38:20Z,predicted,0.4062,Low,0.7,1.2,-0.524,-0.184,Low,,,,,,0.0312,0.5
G5viZ_KJvkpSj,2026-09-29T22:38:20Z,predicted,0.4133,Low,0.7,1.2,-0.524,-0.184,Low,,,,,,0.0667,0.5
G5viZ_KLS5l1q,2026-09-29T22:38:20Z,predicted,0.4667,Med,1.2,1.8,-0.184,0.224,Low,,,,,,0.3333,0.5
G5viZ_KNA5fdw,2026-09-29T22:38:20Z,predicted,0.4133,Low,0.7,1.2,-0.524,-0.184,Low,,,,,,0.0667,0.5
G5viZ_KNjkaLN,2026-09-29T22:38:20Z,predicted,0.4059,Low,0.7,1.2,-0.524,-0.184,Low,,,,,,0.0294,0.5
G5viZ_KSBnt-6,2026-09-29T22:38:20Z,predicted,0.4043,Low,0.7,1.2,-0.524,-0.184,Low,,,,,,0.0217,0.5
G5viZ_KUItmaw,2026-09-29T22:38:20Z,predicted,0.4125,Low,0.7,1.2,-0.524,-0.184,Low,,,,,,0.0625,0.5
G5viZ_KYUgJQo,2026-09-29T22:38:20Z,predicted,0.4043,Low,0.7,1.2,-0.524,-0.184,Low,,,,,,0.0217,0.5
G5viZ_KYasGKi,2026-09-29T22:38:20Z,predicted,0.4133,Low,0.7,1.2,-0.524,-0.184,Low,,,,,,0.0667,0.5
G5viZ_Kh2LVAN,2026-09-29T22:38:20Z,predicted,0.403,Low,0.7,1.2,-0.524,-0.184,Low,,,,,,0.0149,0.5
G5viZ_KhOsEA-,2026-09-29T22:38:20Z,predicted,0.4043,Low,0.7,1.2,-0.524,-0.184,Low,,,,,,0.0217,0.5
G5viZ_Khhfp8w,2026-09-29T22:38:20Z,predicted,0.41,Low,0.7,1.2,-0.524,-0.184,Low,,,,,,0.05,0.5
G5viZ_KqSM0Og,2026-09-29T22:38:20Z,predicted,0.4062,Low,0.7,1.2,-0.524,-0.184,Low,,,,,,0.0312,0.5
G5viZ_Krb7nuQ,2026-09-29T22:38:20Z,predicted,0.4091,Low,0.7,1.2,-0.524,-0.184,Low,,,,,,0.0455,0.5
G5viZ_KvcNSVM,2026-09-29T22:38:20Z,predicted,0.4051,Low,0.7,1.2,-0.524,-0.184,Low,,,,,,0.0256,0.5
G5viZ_KwEZnnm,2026-09-29T22:38:20Z,predicted,0.4133,Low,0.7,1.2,-0.524,-0.184,Low,,,,,,0.0667,0.5
G5viZ_KxokyJj,2026-09-29T22:38:20Z,predicted,0.4091,Low,0.7,1.2,-0.524,-0.184,Low,,,,,,0.0455,0.5
G5viZ_oCXA2ai,2026-09-29T22:38:20Z,predicted,0.41,Low,0.7,1.2,-0.524,-0.184,Low,,,,,,0.05,0.5
G5vzZ_K12JkdN,2026-09-29T22:38:20Z,predicted,0.4054,Low,0.7,1.2,-0.524,-0.184,Low,,,,,,0.027,0.5
vv167ZkfMPFZA26Gu7,2026-09-29T22:38:20Z,predicted,0.4875,Med,1.2,1.8,-0.184,0.224,Low,,,,,,0.0625,1
vv16AZkfwxpZA8ACGv,2026-09-29T22:38:20Z,predicted,0.4051,Low,0.7,1.2,-0.524,-0.184,Low,,,,,,0.0256,0.5
vv178Z_KGkwL0UjC,2026-09-29T22:38:20Z,predicted,0.4133,Low,0.7,1.2,-0.524,-0.184,Low,,,,,,0.0667,0.5
vv17bZ_3GkRFqCfS,2026-09-29T22:38:20Z,predicted,0.4111,Low,0.7,1.2,-0.524,-0.184,Low,,,,,,0.0556,0.5
vv17bZ_3GkTV8xq0,2026-09-29T22:38:20Z,predicted,0.4091,Low,0.7,1.2,-0.524,-0.184,Low,,,,,,0.0455,0.5
vv17jZ_3GkDu1fRY,2026-09-29T22:38:20Z,predicted,0.525,Med,1.2,1.8,-0.184,0.224,Low,,,,,,0.25,1
vv17jZ_3GkTPRkGd,2026-09-29T22:38:20Z,predicted,0.41,Low,0.7,1.2,-0.524,-0.184,Low,,,,,,0.05,0.5
vv17jZ_8GkS2QTVx,2026-09-29T22:38:20Z,predicted,0.675,Med,1.2,1.8,-0.184,0.224,Low,,,,,,1,1
vv17jZ_KGkwRrPht,2026-09-29T22:38:20Z,predicted,0.4286,Low,0.7,1.2,-0.524,-0.184,Low,,,,,,0.1429,0.5
vv1A6ZkfMGkdgSF8w,2026-09-29T22:38:20Z,predicted,0.4972,Med,1.2,1.8,-0.184,0.224,Low,,,,,,0.1111,1
vv1A6ZkfMGkdoXJ4t,2026-09-29T22:38:20Z,predicted,0.425,Low,0.7,1.2,-0.524,-0.184,Low,,,,,,0.125,0.5
vv1A6ZkfUGkdp3Jrw,2026-09-29T22:38:20Z,predicted,0.4061,Low,0.7,1.2,-0.524,-0.184,Low,,,,,,0.0303,0.5
vv1A6ZkfgGkdRdJzE,2026-09-29T22:38:20Z,predicted,0.4041,Low,0.7,1.2,-0.524,-0.184,Low,,,,,,0.0204,0.5
vv1A6ZkfwGkdjDyhH,2026-09-29T22:38:20Z,predicted,0.4051,Low,0.7,1.2,-0.524,-0.184,Low,,,,,,0.0256,0.5
vv1A6ZkfyGkdIgyL6,2026-09-29T22:38:20Z,predicted,0.4133,Low,0.7,1.2,-0.524,-0.184,Low,,,,,,0.0667,0.5
vv1A6ZkfyGkeyGUna,2026-09-29T22:38:20Z,predicted,0.4811,Med,1.2,1.8,-0.184,0.224,Low,,,,,,0.0303,1
vv1A7ZkfMGkdNj7uD,2026-09-29T22:38:20Z,predicted,0.4143,Low,0.7,1.2,-0.524,-0.184,Low,,,,,,0.0714,0.5
vv1A7ZkfMGkeno18F,2026-09-29T22:38:20Z,predicted,0.495,Med,1.2,1.8,-0.184,0.224,Low,,,,,,0.1,1
vv1A7ZkfUGkdBhXkp,2026-09-29T22:38:20Z,predicted,0.4841,Med,1.2,1.8,-0.184,0.224,Low,,,,,,0.0455,1
vv1A7ZkfYGkelHAQ-,2026-09-29T22:38:20Z,predicted,0.4807,Med,1.2,1.8,-0.184,0.224,Low,,,,,,0.0286,1
vv1A7ZkfgGkenM_SZ,2026-09-29T22:38:20Z,predicted,0.4812,Med,1.2,1.8,-0.184,0.224,Low,,,,,,0.0312,1
vv1AAZkfyGkdjFQgB,2026-09-29T22:38:20Z,predicted,0.495,Med,1.2,1.8,-0.184,0.224,Low,,,,,,0.1,1
vv1AAZkfyGkeSueFr,2026-09-29T22:38:20Z,predicted,0.4793,Med,1.2,1.8,-0.184,0.224,Low,,,,,,0.0217,1
vv1AkZkfMGkdNqPGX,2026-09-29T22:38:20Z,predicted,0.4047,Low,0.7,1.2,-0.524,-0.184,Low,,,,,,0.0233,0.5
vv1AkZkfMGkdNrguF,2026-09-29T22:38:20Z,predicted,0.4047,Low,0.7,1.2,-0.524,-0.184,Low,,,,,,0.0233,0.5
vv1AkZkfMGkdcBE8w,2026-09-29T22:38:20Z,predicted,0.4043,Low,0.7,1.2,-0.524,-0.184,Low,,,,,,0.0217,0.5
vv1AkZkfUGkdL2Sbt,2026-09-29T22:38:20Z,predicted,0.4143,Low,0.7,1.2,-0.524,-0.184,Low,,,,,,0.0714,0.5
vv1AkZkfUGkdepCMI,2026-09-29T22:38:20Z,predicted,0.4059,Low,0.7,1.2,-0.524,-0.184,Low,,,,,,0.0294,0.5
vv1AkZkfUGkeg9cf6,2026-09-29T22:38:20Z,predicted,0.4041,Low,0.7,1.2,-0.524,-0.184,Low,,,,,,0.0204,0.5
vv1AkZkfUGkem1HuU,2026-09-29T22:38:20Z,predicted,0.4286,Low,0.7,1.2,-0.524,-0.184,Low,,,,,,0.1429,0.5
vv1AkZkfUGkem3j87,2026-09-29T22:38:20Z,predicted,0.4286,Low,0.7,1.2,-0.524,-0.184,Low,,,,,,0.1429,0.5
vv1AkZkfUGkem8j2Q,2026-09-29T22:38:20Z,predicted,0.4286,Low,0.7,1.2,-0.524,-0.184,Low,,,,,,0.1429,0.5
vv1AkZkfUGkemCGCS,2026-09-29T22:38:20Z,predicted,0.4286,Low,0.7,1.2,-0.524,-0.184,Low,,,,,,0.1429,0.5
vv1AkZkfUGkemFjuN,2026-09-29T22:38:20Z,predicted,0.4286,Low,0.7,1.2,-0.524,-0.184,Low,,,,,,0.1429,0.5
vv1AkZkfUGkemGjC2,2026-09-29T22:38:20Z,predicted,0.4286,Low,0.7,1.2,-0.524,-0.184,Low,,,,,,0.1429,0.5
vv1AkZkfUGkemaiui,2026-09-29T22:38:20Z,predicted,0.4286,Low,0.7,1.2,-0.524,-0.184,Low,,,,,,0.1429,0.5
vv1AkZkfYGkd_ao6R,2026-09-29T22:38:20Z,predicted,0.4333,Low,0.7,1.2,-0.524,-0.184,Low,,,,,,0.1667,0.5
vv1AkZkfgGkddKZUS,2026-09-29T22:38:20Z,predicted,0.4167,Low,0.7,1.2,-0.524,-0.184,Low,,,,,,0.0833,0.5
vv1AkZkfgGkdlEtYo,2026-09-29T22:38:20Z,predicted,0.4041,Low,0.7,1.2,-0.524,-0.184,Low,,,,,,0.0204,0.5
vv1AkZkfsGkdlVc7g,2026-09-29T22:38:20Z,predicted,0.4062,Low,0.7,1.2,-0.524,-0.184,Low,,,,,,0.0312,0.5
vv1AkZkfsGkeUe37-,2026-09-29T22:38:20Z,predicted,0.4111,Low,0.7,1.2,-0.524,-0.184,Low,,,,,,0.0556,0.5
vv1AkZkfwGkdIlqfV,2026-09-29T22:38:20Z,predicted,0.4051,Low,0.7,1.2,-0.524,-0.184,Low,,,,,,0.0256,0.5
vv1AkZkfwGkdmqCn1,2026-09-29T22:38:20Z,predicted,0.41,Low,0.7,1.2,-0.524,-0.184,Low,,,,,,0.05,0.5
vv1AkZkfzGkd6Vlxs,2026-09-29T22:38:20Z,predicted,0.4047,Low,0.7,1.2,-0.524,-0.184,Low,,,,,,0.0233,0.5
vv1AkZkfzGkdzkKxb,2026-09-29T22:38:20Z,predicted,0.4061,Low,0.7,1.2,-0.524,-0.184,Low,,,,,,0.0303,0.5
vv1FvOvPGtJKZ75857,2026-09-29T22:38:20Z,predicted,0.4043,Low,0.7,1.2,-0.524,-0.184,Low,,,,,,0.0217,0.5
vv1FvOvPGtqtZ755AA,2026-09-29T22:38:20Z,predicted,0.4051,Low,0.7,1.2,-0.524,-0.184,Low,,,,,,0.0256,0.5
vv1kbZ_KG0G7MBf_,2026-09-29T22:38:20Z,predicted,0.4057,Low,0.7,1.2,-0.524,-0.184,Low,,,,,,0.0286,0.5
vv1kbZ_KJdG7cpVX,2026-09-29T22:38:20Z,predicted,0.4087,Low,0.7,1.2,-0.524,-0.184,Low,,,,,,0.0435,0.5
vv1kbZ_KJdG7mUg8,2026-09-29T22:38:20Z,predicted,0.41,Low,0.7,1.2,-0.524,-0.184,Low,,,,,,0.05,0.5
vv1kbZ_KeKG7Rpco,2026-09-29T22:38:20Z,predicted,0.41,Low,0.7,1.2,-0.524,-0.184,Low,,,,,,0.05,0.5
vv1kjZ_Kf7G7lMS3,2026-09-29T22:38:20Z,predicted,0.4809,Med,1.2,1.8,-0.184,0.224,Low,,,,,,0.0294,1
vv1kv8vPuOGAGbNgk,2026-09-29T22:38:20Z,predicted,0.5083,Med,1.2,1.8,-0.184,0.224,Low,,,,,,0.1667,1
vv1kvOvPuOGA1LaPX,2026-09-29T22:38:20Z,predicted,0.4041,Low,0.7,1.2,-0.524,-0.184,Low,,,,,,0.0204,0.5
vv1kvOvPu_GA2r6BF,2026-09-29T22:38:20Z,predicted,0.4062,Low,0.7,1.2,-0.524,-0.184,Low,,,,,,0.0312,0.5
vv1kvYvPC_GA55f1W,2026-09-29T22:38:20Z,predicted,0.4087,Low,0.7,1.2,-0.524,-0.184,Low,,,,,,0.0435,0.5
vv1kvYvPFyGAGkwpR,2026-09-29T22:38:20Z,predicted,0.5083,Med,1.2,1.8,-0.184,0.224,Low,,,,,,0.1667,1
vvG1YZ_3XvgS07,2026-09-29T22:38:20Z,predicted,0.4333,Low,0.7,1.2,-0.524,-0.184,Low,,,,,,0.1667,0.5
vvG1YZ_3lPl3yg,2026-09-29T22:38:20Z,predicted,0.4041,Low,0.7,1.2,-0.524,-0.184,Low,,,,,,0.0204,0.5
vvG1YZ_K-ZhrZe,2026-09-29T22:38:20Z,predicted,0.425,Low,0.7,1.2,-0.524,-0.184,Low,,,,,,0.125,0.5
vvG1YZ_K09PqAa,2026-09-29T22:38:20Z,predicted,0.4222,Low,0.7,1.2,-0.524,-0.184,Low,,,,,,0.1111,0.5
vvG1YZ_K1h0IPI,2026-09-29T22:38:20Z,predicted,0.4051,Low,0.7,1.2,-0.524,-0.184,Low,,,,,,0.0256,0.5
vvG1YZ_KGP_ixc,2026-09-29T22:38:20Z,predicted,0.4043,Low,0.7,1.2,-0.524,-0.184,Low,,,,,,0.0217,0.5
vvG1YZ_KLDWsJR,2026-09-29T22:38:20Z,predicted,0.4667,Med,1.2,1.8,-0.184,0.224,Low,,,,,,0.3333,0.5
vvG1YZ_KODPutZ,2026-09-29T22:38:20Z,predicted,0.4125,Low,0.7,1.2,-0.524,-0.184,Low,,,,,,0.0625,0.5
vvG1YZ_KbTLWH3,2026-09-29T22:38:20Z,predicted,0.4091,Low,0.7,1.2,-0.524,-0.184,Low,,,,,,0.0455,0.5
vvG1YZ_Kepbp4s,2026-09-29T22:38:20Z,predicted,0.4051,Low,0.7,1.2,-0.524,-0.184,Low,,,,,,0.0256,0.5
vvG1zZ_3EIhgVy,2026-09-29T22:38:20Z,predicted,0.6,Med,1.2,1.8,-0.184,0.224,Low,,,,,,1,0.5
1AdZZ_3GkD57zG1,2026-09-29T22:38:20Z,predicted,0.6,Med,1.2,1.8,-0.184,0.224,Low,,,,,,1,0.5
1AvfZ_KGkgwUxIH,2026-09-29T22:38:20Z,predicted,0.4667,Med,1.2,1.8,-0.184,0.224,Low,,,,,,0.3333,0.5
1kA8vPAFGA26PI0,2026-09-29T22:38:20Z,predicted,0.6,Med,1.2,1.8,-0.184,0.224,Low,,,,,,1,0.5
G5dIZ_KhdKQ9o,2026-09-29T22:38:20Z,predicted,0.425,Low,0.7,1.2,-0.524,-0.184,Low,,,,,,0.125,0.5
G5vVZ_Khs0B9A,2026-09-29T22:38:20Z,predicted,0.4845,Med,1.2,1.8,-0.184,0.224,Low,,,,,,0.0476,1
G5vVZ_KhsJ19u,2026-09-29T22:38:20Z,predicted,0.4845,Med,1.2,1.8,-0.184,0.224,Low,,,,,,0.0476,1
G5vYZ_K5AhPqF,2026-09-29T22:38:20Z,predicted,0.4054,Low,0.7,1.2,-0.524,-0.184,Low,,,,,,0.027,0.5
G5vzZ_3XKm7PK,2026-09-29T22:38:20Z,predicted,0.4118,Low,0.7,1.2,-0.524,-0.184,Low,,,,,,0.0588,0.5
G5vzZ_K-Hbdky,2026-09-29T22:38:20Z,predicted,0.4143,Low,0.7,1.2,-0.524,-0.184,Low,,,,,,0.0714,0.5
G5vzZ_KMNmvqg,2026-09-29T22:38:20Z,predicted,0.4061,Low,0.7,1.2,-0.524,-0.184,Low,,,,,,0.0303,0.5
G5vzZ_KNZYqBr,2026-09-29T22:38:20Z,predicted,0.4043,Low,0.7,1.2,-0.524,-0.184,Low,,,,,,0.0217,0.5
G5vzZ_KOfJM9P,2026-09-29T22:38:20Z,predicted,0.4125,Low,0.7,1.2,-0.524,-0.184,Low,,,,,,0.0625,0.5
G5vzZ_KRy2fKw,2026-09-29T22:38:20Z,predicted,0.4333,Low,0.7,1.2,-0.524,-0.184,Low,,,,,,0.1667,0.5
G5vzZ_KSnNSNF,2026-09-29T22:38:20Z,predicted,0.4069,Low,0.7,1.2,-0.524,-0.184,Low,,,,,,0.0345,0.5
G5vzZ_KdartS6,2026-09-29T22:38:20Z,predicted,0.4111,Low,0.7,1.2,-0.524,-0.184,Low,,,,,,0.0556,0.5
G5vzZ_KeKa0YE,2026-09-29T22:38:20Z,predicted,0.4057,Low,0.7,1.2,-0.524,-0.184,Low,,,,,,0.0286,0.5
G5vzZ_Kk2w7Ui,2026-09-29T22:38:20Z,predicted,0.4059,Low,0.7,1.2,-0.524,-0.184,Low,,,,,,0.0294,0.5
G5vzZ_KkRpbyy,2026-09-29T22:38:20Z,predicted,0.4041,Low,0.7,1.2,-0.524,-0.184,Low,,,,,,0.0204,0.5
G5vzZ_Kx0WbMS,2026-09-29T22:38:20Z,predicted,0.4059,Low,0.7,1.2,-0.524,-0.184,Low,,,,,,0.0294,0.5
G5vzZ_Kxn5yWx,2026-09-29T22:38:20Z,predicted,0.4059,Low,0.7,1.2,-0.524,-0.184,Low,,,,,,0.0294,0.5
G5vzZ_Kxw2hjN,2026-09-29T22:38:20Z,predicted,0.4133,Low,0.7,1.2,-0.524,-0.184,Low,,,,,,0.0667,0.5
G5vzZ_KxwzhJ7,2026-09-29T22:38:20Z,predicted,0.4286,Low,0.7,1.2,-0.524,-0.184,Low,,,,,,0.1429,0.5
G5vzZ_KxxKbNP,2026-09-29T22:38:20Z,predicted,0.4059,Low,0.7,1.2,-0.524,-0.184,Low,,,,,,0.0294,0.5
k7vGF_K9fcrbS,2026-09-29T22:38:20Z,predicted,0.5036,Med,1.2,1.8,-0.184,0.224,Low,,,,,,0.1429,1
k7vGF_KCmLQLI,2026-09-29T22:38:20Z,predicted,0.4875,Med,1.2,1.8,-0.184,0.224,Low,,,,,,0.0625,1
k7vGF_KEe8t1W,2026-09-29T22:38:20Z,predicted,0.5417,Med,1.2,1.8,-0.184,0.224,Low,,,,,,0.3333,1
k7vGF_KUSvhfu,2026-09-29T22:38:20Z,predicted,0.675,Med,1.2,1.8,-0.184,0.224,Low,,,,,,1,1
vv17OZ_3GkTGhaQo,2026-09-29T22:38:20Z,predicted,0.4222,Low,0.7,1.2,-0.524,-0.184,Low,,,,,,0.1111,0.5
vv1AaZkfwGkecB1C2,2026-09-29T22:38:20Z,predicted,0.4804,Med,1.2,1.8,-0.184,0.224,Low,,,,,,0.027,1
vv1AvZkffGkdOjXfT,2026-09-29T22:38:20Z,predicted,0.6,Med,1.2,1.8,-0.184,0.224,Low,,,,,,1,0.5
vvG1YZ_KOyhqr1,2026-09-29T22:38:20Z,predicted,0.425,Low,0.7,1.2,-0.524,-0.184,Low,,,,,,0.125,0.5
vvG1YZ_Kb8x_-o,2026-09-29T22:38:20Z,predicted,0.42,Low,0.7,1.2,-0.524,-0.184,Low,,,,,,0.1,0.5
11AYvPGZ3ZOVvG,2026-09-29T22:38:20Z,predicted,0.4154,Low,0.7,1.2,-0.524,-0.184,Low,,,,,,0.0769,0.5
11AYvPGZ3aOgv8,2026-09-29T22:38:20Z,predicted,0.4154,Low,0.7,1.2,-0.524,-0.184,Low,,,,,,0.0769,0.5
15vjZ_KZ7-Fu3,2026-09-29T22:38:20Z,predicted,0.4154,Low,0.7,1.2,-0.524,-0.184,Low,,,,,,0.0769,0.5
1A9ZkfMGkd8MYHo,2026-09-29T22:38:20Z,predicted,0.4059,Low,0.7,1.2,-0.524,-0.184,Low,,,,,,0.0294,0.5
1A9ZkfMGkd8y8H4,2026-09-29T22:38:20Z,predicted,0.4059,Low,0.7,1.2,-0.524,-0.184,Low,,,,,,0.0294,0.5
1A9ZkfSGkeBNjQK,2026-09-29T22:38:20Z,predicted,0.6,Med,1.2,1.8,-0.184,0.224,Low,,,,,,1,0.5
1A9ZkfVGkd9WDim,2026-09-29T22:38:20Z,predicted,0.41,Low,0.7,1.2,-0.524,-0.184,Low,,,,,,0.05,0.5
1A_ZkfMGke0QgeN,2026-09-29T22:38:20Z,predicted,0.4091,Low,0.7,1.2,-0.524,-0.184,Low,,,,,,0.0455,0.5
1A_ZkfMGkece4gl,2026-09-29T22:38:20Z,predicted,0.4118,Low,0.7,1.2,-0.524,-0.184,Low,,,,,,0.0588,0.5
1A_ZkfUGkeRo4wh,2026-09-29T22:38:20Z,predicted,0.4286,Low,0.7,1.2,-0.524,-0.184,Low,,,,,,0.1429,0.5
1A_ZkfUGkeVeU7r,2026-09-29T22:38:20Z,predicted,0.41,Low,0.7,1.2,-0.524,-0.184,Low,,,,,,0.05,0.5
1A_ZkfYGkeJVkEF,2026-09-29T22:38:20Z,predicted,0.44,Low,0.7,1.2,-0.524,-0.184,Low,,,,,,0.2,0.5
1A_ZkfgGkdFOIFq,2026-09-29T22:38:20Z,predicted,0.4125,Low,0.7,1.2,-0.524,-0.184,Low,,,,,,0.0625,0.5
1A_ZkfsGkd23t56,2026-09-29T22:38:20Z,predicted,0.4059,Low,0.7,1.2,-0.524,-0.184,Low,,,,,,0.0294,0.5
1A_ZkfwGkdaRBbI,2026-09-29T22:38:20Z,predicted,0.4059,Low,0.7,1.2,-0.524,-0.184,Low,,,,,,0.0294,0.5
1A_ZkfyGkdOrlNe,2026-09-29T22:38:20Z,predicted,0.4047,Low,0.7,1.2,-0.524,-0.184,Low,,,,,,0.0233,0.5
1A_ZkfyGkdOyl04,2026-09-29T22:38:20Z,predicted,0.4047,Low,0.7,1.2,-0.524,-0.184,Low,,,,,,0.0233,0.5
1A_ZkfzGkdfNnrb,2026-09-29T22:38:20Z,predicted,0.6,Med,1.2,1.8,-0.184,0.224,Low,,,,,,1,0.5
1Av0Z_KGkSv9EcG,2026-09-29T22:38:20Z,predicted,0.4333,Low,0.7,1.2,-0.524,-0.184,Low,,,,,,0.1667,0.5
1Av0Z_KGkt2kmO3,2026-09-29T22:38:20Z,predicted,0.45,Low,0.7,1.2,-0.524,-0.184,Low,,,,,,0.25,0.5
1Av0Z_KGkw-w0Tp,2026-09-29T22:38:20Z,predicted,0.6,Med,1.2,1.8,-0.184,0.224,Low,,,,,,1,0.5
1Av0Z_KGkwHp6_s,2026-09-29T22:38:20Z,predicted,0.44,Low,0.7,1.2,-0.524,-0.184,Low,,,,,,0.2,0.5
1a9ZkfzZ84SZeGv,2026-09-29T22:38:20Z,predicted,0.4133,Low,0.7,1.2,-0.524,-0.184,Low,,,,,,0.0667,0.5
1kAYvPa0GAu3-y4,2026-09-29T22:38:20Z,predicted,0.4083,Low,0.7,1.2,-0.524,-0.184,Low,,,,,,0.0417,0.5
1kAYvPa0GAu4vyt,2026-09-29T22:38:20Z,predicted,0.4083,Low,0.7,1.2,-0.524,-0.184,Low,,,,,,0.0417,0.5
1kAYvPa0GAu5vMo,2026-09-29T22:38:20Z,predicted,0.4083,Low,0.7,1.2,-0.524,-0.184,Low,,,,,,0.0417,0.5
1kAYvPa0GAu8vzE,2026-09-29T22:38:20Z,predicted,0.4083,Low,0.7,1.2,-0.524,-0.184,Low,,,,,,0.0417,0.5
1kAYvPa0GAu9-yS,2026-09-29T22:38:20Z,predicted,0.4083,Low,0.7,1.2,-0.524,-0.184,Low,,,,,,0.0417,0.5
1kAYvPa0GAuCsz4,2026-09-29T22:38:20Z,predicted,0.4083,Low,0.7,1.2,-0.524,-0.184,Low,,,,,,0.0417,0.5
1kAYvPa0GAuGoMB,2026-09-29T22:38:20Z,predicted,0.4083,Low,0.7,1.2,-0.524,-0.184,Low,,,,,,0.0417,0.5
1kAYvPa0GAuKsyx,2026-09-29T22:38:20Z,predicted,0.4083,Low,0.7,1.2,-0.524,-0.184,Low,,,,,,0.0417,0.5
1kAYvPa0GAuQ-B9,2026-09-29T22:38:20Z,predicted,0.4083,Low,0.7,1.2,-0.524,-0.184,Low,,,,,,0.0417,0.5
1kAYvPa0GAubsyW,2026-09-29T22:38:20Z,predicted,0.4083,Low,0.7,1.2,-0.524,-0.184,Low,,,,,,0.0417,0.5
1kAYvPa0GAujvBi,2026-09-29T22:38:20Z,predicted,0.4083,Low,0.7,1.2,-0.524,-0.184,Low,,,,,,0.0417,0.5
1kAYvPa0GAuoozw,2026-09-29T22:38:20Z,predicted,0.4083,Low,0.7,1.2,-0.524,-0.184,Low,,,,,,0.0417,0.5
1kAYvPa0GAupoyR,2026-09-29T22:38:20Z,predicted,0.4083,Low,0.7,1.2,-0.524,-0.184,Low,,,,,,0.0417,0.5
1kAYvPa0GAuq-BB,2026-09-29T22:38:20Z,predicted,0.4083,Low,0.7,1.2,-0.524,-0.184,Low,,,,,,0.0417,0.5
1kAYvPa0GAursDv,2026-09-29T22:38:20Z,predicted,0.4083,Low,0.7,1.2,-0.524,-0.184,Low,,,,,,0.0417,0.5
1kAYvPa0GAuu-zk,2026-09-29T22:38:20Z,predicted,0.4083,Low,0.7,1.2,-0.524,-0.184,Low,,,,,,0.0417,0.5
1kk8vPu_GACx0Xn,2026-09-29T22:38:20Z,predicted,0.4071,Low,0.7,1.2,-0.524,-0.184,Low,,,,,,0.0357,0.5
G5vYZ_K0525-J,2026-09-29T22:38:20Z,predicted,0.4059,Low,0.7,1.2,-0.524,-0.184,Low,,,,,,0.0294,0.5
G5vYZ_K0Fc1ij,2026-09-29T22:38:20Z,predicted,0.4059,Low,0.7,1.2,-0.524,-0.184,Low,,,,,,0.0294,0.5
G5vYZ_K0kD1GQ,2026-09-29T22:38:20Z,predicted,0.4059,Low,0.7,1.2,-0.524,-0.184,Low,,,,,,0.0294,0.5
G5vYZ_K55sUmI,2026-09-29T22:38:20Z,predicted,0.4047,Low,0.7,1.2,-0.524,-0.184,Low,,,,,,0.0233,0.5
G5vYZ_K60Xnfe,2026-09-29T22:38:20Z,predicted,0.4043,Low,0.7,1.2,-0.524,-0.184,Low,,,,,,0.0217,0.5
G5vYZ_K6tphZ4,2026-09-29T22:38:20Z,predicted,0.4062,Low,0.7,1.2,-0.524,-0.184,Low,,,,,,0.0312,0.5
G5vYZ_K9cOB9X,2026-09-29T22:38:20Z,predicted,0.4057,Low,0.7,1.2,-0.524,-0.184,Low,,,,,,0.0286,0.5
G5vYZ_K9foJar,2026-09-29T22:38:20Z,predicted,0.4071,Low,0.7,1.2,-0.524,-0.184,Low,,,,,,0.0357,0.5
G5vYZ_KEb8uOu,2026-09-29T22:38:20Z,predicted,0.6,Med,1.2,1.8,-0.184,0.224,Low,,,,,,1,0.5
G5vYZ_KIA6n57,2026-09-29T22:38:20Z,predicted,0.4333,Low,0.7,1.2,-0.524,-0.184,Low,,,,,,0.1667,0.5
G5vYZ_KIDAWCA,2026-09-29T22:38:20Z,predicted,0.4333,Low,0.7,1.2,-0.524,-0.184,Low,,,,,,0.1667,0.5
G5vYZ_KIZgFjn,2026-09-29T22:38:20Z,predicted,0.4333,Low,0.7,1.2,-0.524,-0.184,Low,,,,,,0.1667,0.5
G5vYZ_KIe4td1,2026-09-29T22:38:20Z,predicted,0.4333,Low,0.7,1.2,-0.524,-0.184,Low,,,,,,0.1667,0.5
G5vYZ_KJwW4Q0,2026-09-29T22:38:20Z,predicted,0.4125,Low,0.7,1.2,-0.524,-0.184,Low,,,,,,0.0625,0.5
G5vYZ_KNr5HpR,2026-09-29T22:38:20Z,predicted,0.4133,Low,0.7,1.2,-0.524,-0.184,Low,,,,,,0.0667,0.5
G5vYZ_KNrGHpT,2026-09-29T22:38:20Z,predicted,0.4133,Low,0.7,1.2,-0.524,-0.184,Low,,,,,,0.0667,0.5
G5vYZ_KPCUhIT,2026-09-29T22:38:20Z,predicted,0.4333,Low,0.7,1.2,-0.524,-0.184,Low,,,,,,0.1667,0.5
G5vYZ_KQJKr_k,2026-09-29T22:38:20Z,predicted,0.41,Low,0.7,1.2,-0.524,-0.184,Low,,,,,,0.05,0.5
G5vYZ_KQJfX_X,2026-09-29T22:38:20Z,predicted,0.41,Low,0.7,1.2,-0.524,-0.184,Low,,,,,,0.05,0.5
G5vYZ_KQJpCQr,2026-09-29T22:38:20Z,predicted,0.41,Low,0.7,1.2,-0.524,-0.184,Low,,,,,,0.05,0.5
G5vYZ_KQV9wUY,2026-09-29T22:38:20Z,predicted,0.5,Med,1.2,1.8,-0.184,0.224,Low,,,,,,0.5,0.5
G5vYZ_KhSbRlP,2026-09-29T22:38:20Z,predicted,0.4125,Low,0.7,1.2,-0.524,-0.184,Low,,,,,,0.0625,0.5
G5vYZ_KqsBPGJ,2026-09-29T22:38:20Z,predicted,0.4333,Low,0.7,1.2,-0.524,-0.184,Low,,,,,,0.1667,0.5
G5vYZ_KrM2Pgs,2026-09-29T22:38:20Z,predicted,0.4118,Low,0.7,1.2,-0.524,-0.184,Low,,,,,,0.0588,0.5
G5vYZ_Krz5JAF,2026-09-29T22:38:20Z,predicted,0.4091,Low,0.7,1.2,-0.524,-0.184,Low,,,,,,0.0455,0.5
G5vYZ_KsMKPKH,2026-09-29T22:38:20Z,predicted,0.5,Med,1.2,1.8,-0.184,0.224,Low,,,,,,0.5,0.5
G5vYZ_KsYyVh4,2026-09-29T22:38:20Z,predicted,0.4118,Low,0.7,1.2,-0.524,-0.184,Low,,,,,,0.0588,0.5
G5vYZ_KwFsETp,2026-09-29T22:38:20Z,predicted,0.4059,Low,0.7,1.2,-0.524,-0.184,Low,,,,,,0.0294,0.5
G5viZ_KL9Hgzz,2026-09-29T22:38:20Z,predicted,0.4222,Low,0.7,1.2,-0.524,-0.184,Low,,,,,,0.1111,0.5
G5vzZ_KNIrwoi,2026-09-29T22:38:20Z,predicted,0.4333,Low,0.7,1.2,-0.524,-0.184,Low,,,,,,0.1667,0.5
G5vzZ_KQsLBsj,2026-09-29T22:38:20Z,predicted,0.4133,Low,0.7,1.2,-0.524,-0.184,Low,,,,,,0.0667,0.5
vv110Z_KQbPJub,2026-09-29T22:38:20Z,predicted,0.4791,Med,1.2,1.8,-0.184,0.224,Low,,,,,,0.0204,1
vv11e8vPCK0YaUv5,2026-09-29T22:38:20Z,predicted,0.675,Med,1.2,1.8,-0.184,0.224,Low,,,,,,1,1
vv170Z_KGkSpgYcw,2026-09-29T22:38:20Z,predicted,0.4932,Med,1.2,1.8,-0.184,0.224,Low,,,,,,0.0909,1
vv170Z_KGkwK5psH,2026-09-29T22:38:20Z,predicted,0.575,Med,1.2,1.8,-0.184,0.224,Low,,,,,,0.5,1
vv1A7ZkfpGkdQYk3R,2026-09-29T22:38:20Z,predicted,0.675,Med,1.2,1.8,-0.184,0.224,Low,,,,,,1,1
vv1AaZkfNGkecbzuh,2026-09-29T22:38:20Z,predicted,0.4868,Med,1.2,1.8,-0.184,0.224,Low,,,,,,0.0588,1
vv1AaZkfUGkdNwr6L,2026-09-29T22:38:20Z,predicted,0.4812,Med,1.2,1.8,-0.184,0.224,Low,,,,,,0.0312,1
vv1AaZkfUGkdPdruy,2026-09-29T22:38:20Z,predicted,0.575,Med,1.2,1.8,-0.184,0.224,Low,,,,,,0.5,1
vv1AaZkfUGkdYm2Qo,2026-09-29T22:38:20Z,predicted,0.4821,Med,1.2,1.8,-0.184,0.224,Low,,,,,,0.0357,1
vv1AaZkfUGkeWIBqr,2026-09-29T22:38:20Z,predicted,0.675,Med,1.2,1.8,-0.184,0.224,Low,,,,,,1,1
vv1AaZkfzGkd0xwaf,2026-09-29T22:38:20Z,predicted,0.4875,Med,1.2,1.8,-0.184,0.224,Low,,,,,,0.0625,1
vv1AaZkfzGkd56rmo,2026-09-29T22:38:20Z,predicted,0.4809,Med,1.2,1.8,-0.184,0.224,Low,,,,,,0.0294,1
vv1AaZkfzGkd5iXwO,2026-09-29T22:38:20Z,predicted,0.4883,Med,1.2,1.8,-0.184,0.224,Low,,,,,,0.0667,1
vv1AaZkfzGkd5kCmZ,2026-09-29T22:38:20Z,predicted,0.4809,Med,1.2,1.8,-0.184,0.224,Low,,,,,,0.0294,1
vv1AaZkfzGkdDEPFR,2026-09-29T22:38:20Z,predicted,0.5036,Med,1.2,1.8,-0.184,0.224,Low,,,,,,0.1429,1
vv1AaZkfzGkdM4fON,2026-09-29T22:38:20Z,predicted,0.5036,Med,1.2,1.8,-0.184,0.224,Low,,,,,,0.1429,1
vv1AaZkfzGkdQwvZA,2026-09-29T22:38:20Z,predicted,0.4883,Med,1.2,1.8,-0.184,0.224,Low,,,,,,0.0667,1
vv1AaZkfzGkdgIf3h,2026-09-29T22:38:20Z,predicted,0.4819,Med,1.2,1.8,-0.184,0.224,Low,,,,,,0.0345,1
vv1AaZkfzGkduGmWm,2026-09-29T22:38:20Z,predicted,0.4809,Med,1.2,1.8,-0.184,0.224,Low,,,,,,0.0294,1
vv1AaZkfzGkeTkqbZ,2026-09-29T22:38:20Z,predicted,0.4841,Med,1.2,1.8,-0.184,0.224,Low,,,,,,0.0455,1
vv1AaZkfzGkei5QYP,2026-09-29T22:38:20Z,predicted,0.4807,Med,1.2,1.8,-0.184,0.224,Low,,,,,,0.0286,1
vv1AkZkfgGkdwQ5vN,2026-09-29T22:38:20Z,predicted,0.4133,Low,0.7,1.2,-0.524,-0.184,Low,,,,,,0.0667,0.5
vv1F0Z_KOvagZd2e8,2026-09-29T22:38:20Z,predicted,0.5083,Med,1.2,1.8,-0.184,0.224,Low,,,,,,0.1667,1
vv1Fe8vPusGNZ7u7dF,2026-09-29T22:38:20Z,predicted,0.525,Med,1.2,1.8,-0.184,0.224,Low,,,,,,0.25,1
vv1ke8vPC_GA1hbj0,2026-09-29T22:38:20Z,predicted,0.525,Med,1.2,1.8,-0.184,0.224,Low,,,,,,0.25,1
vvG1HZ_3DivDK0,2026-09-29T22:38:20Z,predicted,0.4051,Low,0.7,1.2,-0.524,-0.184,Low,,,,,,0.0256,0.5
vvG1HZ_KF6I_hN,2026-09-29T22:38:20Z,predicted,0.4062,Low,0.7,1.2,-0.524,-0.184,Low,,,,,,0.0312,0.5
vvG1HZ_KL46Hze,2026-09-29T22:38:20Z,predicted,0.4286,Low,0.7,1.2,-0.524,-0.184,Low,,,,,,0.1429,0.5
vvG1HZ_KL4kiMV,2026-09-29T22:38:20Z,predicted,0.4286,Low,0.7,1.2,-0.524,-0.184,Low,,,,,,0.1429,0.5
vvG1HZ_KNa_WBo,2026-09-29T22:38:20Z,predicted,0.4057,Low,0.7,1.2,-0.524,-0.184,Low,,,,,,0.0286,0.5
vvG1HZ_KOUKspf,2026-09-29T22:38:20Z,predicted,0.4133,Low,0.7,1.2,-0.524,-0.184,Low,,,,,,0.0667,0.5
vvG1HZ_KOtr2xT,2026-09-29T22:38:20Z,predicted,0.4133,Low,0.7,1.2,-0.524,-0.184,Low,,,,,,0.0667,0.5
vvG1HZ_KSNALGM,2026-09-29T22:38:20Z,predicted,0.4077,Low,0.7,1.2,-0.524,-0.184,Low,,,,,,0.0385,0.5
vvG1HZ_K_OKoSp,2026-09-29T22:38:20Z,predicted,0.4051,Low,0.7,1.2,-0.524,-0.184,Low,,,,,,0.0256,0.5
vvG1HZ_KbFGxYU,2026-09-29T22:38:20Z,predicted,0.4059,Low,0.7,1.2,-0.524,-0.184,Low,,,,,,0.0294,0.5
vvG1HZ_KeoQ4YP,2026-09-29T22:38:20Z,predicted,0.4051,Low,0.7,1.2,-0.524,-0.184,Low,,,,,,0.0256,0.5
vvG1HZ_KfmPpZS,2026-09-29T22:38:20Z,predicted,0.4059,Low,0.7,1.2,-0.524,-0.184,Low,,,,,,0.0294,0.5
vvG1HZ_KhRaXJ4,2026-09-29T22:38:20Z,predicted,0.425,Low,0.7,1.2,-0.524,-0.184,Low,,,,,,0.125,0.5
vvG1HZ_Kpe4N79,2026-09-29T22:38:20Z,predicted,0.4062,Low,0.7,1.2,-0.524,-0.184,Low,,,,,,0.0312,0.5
vvG1HZ_KrMgQhS,2026-09-29T22:38:20Z,predicted,0.4154,Low,0.7,1.2,-0.524,-0.184,Low,,,,,,0.0769,0.5
vvG1IZ_3RQXqRX,2026-09-29T22:38:20Z,predicted,0.403,Low,0.7,1.2,-0.524,-0.184,Low,,,,,,0.0149,0.5
vvG1IZ_3g8mA_F,2026-09-29T22:38:20Z,predicted,0.4286,Low,0.7,1.2,-0.524,-0.184,Low,,,,,,0.1429,0.5
vvG1IZ_K9by2hW,2026-09-29T22:38:20Z,predicted,0.4875,Med,1.2,1.8,-0.184,0.224,Low,,,,,,0.0625,1
vvG1IZ_KE3jQuu,2026-09-29T22:38:20Z,predicted,0.425,Low,0.7,1.2,-0.524,-0.184,Low,,,,,,0.125,0.5
vvG1IZ_KJ-9Xi3,2026-09-29T22:38:20Z,predicted,0.4111,Low,0.7,1.2,-0.524,-0.184,Low,,,,,,0.0556,0.5
vvG1IZ_KJwqK5K,2026-09-29T22:38:20Z,predicted,0.4071,Low,0.7,1.2,-0.524,-0.184,Low,,,,,,0.0357,0.5
vvG1IZ_KJzs0cr,2026-09-29T22:38:20Z,predicted,0.4059,Low,0.7,1.2,-0.524,-0.184,Low,,,,,,0.0294,0.5
vvG1IZ_KL8JvKq,2026-09-29T22:38:20Z,predicted,0.4059,Low,0.7,1.2,-0.524,-0.184,Low,,,,,,0.0294,0.5
vvG1IZ_KO2IQ4n,2026-09-29T22:38:20Z,predicted,0.5,Med,1.2,1.8,-0.184,0.224,Low,,,,,,0.5,0.5
vvG1IZ_K_8QjMi,2026-09-29T22:38:20Z,predicted,0.4062,Low,0.7,1.2,-0.524,-0.184,Low,,,,,,0.0312,0.5
vvG1IZ_Kx1lUJx,2026-09-29T22:38:20Z,predicted,0.4125,Low,0.7,1.2,-0.524,-0.184,Low,,,,,,0.0625,0.5
vvG1IZ_KxV6cZd,2026-09-29T22:38:20Z,predicted,0.425,Low,0.7,1.2,-0.524,-0.184,Low,,,,,,0.125,0.5
vvG1IZ_ojVbbZv,2026-09-29T22:38:20Z,predicted,0.4061,Low,0.7,1.2,-0.524,-0.184,Low,,,,,,0.0303,0.5
vvG1YZ_Keg__UB,2026-09-29T22:38:20Z,predicted,0.6,Med,1.2,1.8,-0.184,0.224,Low,,,,,,1,0.5
vvG1iZ_K9LEJ5n,2026-09-29T22:38:20Z,predicted,0.575,Med,1.2,1.8,-0.184,0.224,Low,,,,,,0.5,1
vvG1iZ_KEN69qH,2026-09-29T22:38:20Z,predicted,0.4118,Low,0.7,1.2,-0.524,-0.184,Low,,,,,,0.0588,0.5
vvG1iZ_KIuJFjM,2026-09-29T22:38:20Z,predicted,0.515,Med,1.2,1.8,-0.184,0.224,Low,,,,,,0.2,1
vvG1iZ_Kj6Yzfl,2026-09-29T22:38:20Z,predicted,0.4809,Med,1.2,1.8,-0.184,0.224,Low,,,,,,0.0294,1
vv1AaZkf0GkdEc-fK,2026-09-29T22:38:20Z,predicted,0.4972,Med,1.2,1.8,-0.184,0.224,Low,,,,,,0.1111,1
1AeFZ_KGkwS2V1v,2026-09-29T22:38:20Z,predicted,0.4069,Low,0.7,1.2,-0.524,-0.184,Low,,,,,,0.0345,0.5
G5eVZ_KElMFRY,2026-09-29T22:38:20Z,predicted,0.4069,Low,0.7,1.2,-0.524,-0.184,Low,,,,,,0.0345,0.5
G5eVZ_KwE-a0J,2026-09-29T22:38:20Z,predicted,0.4069,Low,0.7,1.2,-0.524,-0.184,Low,,,,,,0.0345,0.5
G5viZ_KwBZqK4,2026-09-29T22:38:20Z,predicted,0.4069,Low,0.7,1.2,-0.524,-0.184,Low,,,,,,0.0345,0.5
vv1AeZkfyGkd69vbI,2026-09-29T22:38:20Z,predicted,0.4069,Low,0.7,1.2,-0.524,-0.184,Low,,,,,,0.0345,0.5
G5vVZ_Ki1sF3R,2026-09-29T22:38:20Z,predicted,0.4811,Med,1.2,1.8,-0.184,0.224,Low,,,,,,0.0303,1
vvG1VZ_3xSUavB,2026-09-29T22:38:20Z,predicted,0.4026,Low,0.7,1.2,-0.524,-0.184,Low,,,,,,0.013,0.5
vvG1VZ_3xUttq7,2026-09-29T22:38:20Z,predicted,0.42,Low,0.7,1.2,-0.524,-0.184,Low,,,,,,0.1,0.5
1AOZkfzGkeHAfub,2026-09-29T22:38:20Z,predicted,0.4118,Low,0.7,1.2,-0.524,-0.184,Low,,,,,,0.0588,0.5
1AeZZ_3GkB65oQZ,2026-09-29T22:38:20Z,predicted,0.6,Med,1.2,1.8,-0.184,0.224,Low,,,,,,1,0.5
G5viZ_KN4ZMWh,2026-09-29T22:38:20Z,predicted,0.4118,Low,0.7,1.2,-0.524,-0.184,Low,,,,,,0.0588,0.5
G5viZ_KeDXsJu,2026-09-29T22:38:20Z,predicted,0.4222,Low,0.7,1.2,-0.524,-0.184,Low,,,,,,0.1111,0.5
G5viZ_KeH1-IN,2026-09-29T22:38:20Z,predicted,0.4222,Low,0.7,1.2,-0.524,-0.184,Low,,,,,,0.1111,0.5
G5viZ_KeH6vEm,2026-09-29T22:38:20Z,predicted,0.4222,Low,0.7,1.2,-0.524,-0.184,Low,,,,,,0.1111,0.5
G5viZ_KeH7vEF,2026-09-29T22:38:20Z,predicted,0.4222,Low,0.7,1.2,-0.524,-0.184,Low,,,,,,0.1111,0.5
G5viZ_KeHA-Er,2026-09-29T22:38:20Z,predicted,0.4222,Low,0.7,1.2,-0.524,-0.184,Low,,,,,,0.1111,0.5
G5viZ_KeHFsIk,2026-09-29T22:38:20Z,predicted,0.4222,Low,0.7,1.2,-0.524,-0.184,Low,,,,,,0.1111,0.5
G5viZ_KeHZoJ4,2026-09-29T22:38:20Z,predicted,0.4222,Low,0.7,1.2,-0.524,-0.184,Low,,,,,,0.1111,0.5
G5viZ_KeHesJM,2026-09-29T22:38:20Z,predicted,0.4222,Low,0.7,1.2,-0.524,-0.184,Low,,,,,,0.1111,0.5
G5viZ_KeHv-J0,2026-09-29T22:38:20Z,predicted,0.4222,Low,0.7,1.2,-0.524,-0.184,Low,,,,,,0.1111,0.5
11AYvPu8JKxpvC,2026-09-29T22:38:20Z,predicted,0.425,Low,0.7,1.2,-0.524,-0.184,Low,,,,,,0.125,0.5
16vjZ_KOMG7MuKT,2026-09-29T22:38:20Z,predicted,0.425,Low,0.7,1.2,-0.524,-0.184,Low,,,,,,0.125,0.5
16vjZ_KOMG7MuKW,2026-09-29T22:38:20Z,predicted,0.425,Low,0.7,1.2,-0.524,-0.184,Low,,,,,,0.125,0.5
16vjZ_KOMG7UWKB,2026-09-29T22:38:20Z,predicted,0.425,Low,0.7,1.2,-0.524,-0.184,Low,,,,,,0.125,0.5
16vjZ_KOMG7UcKU,2026-09-29T22:38:20Z,predicted,0.425,Low,0.7,1.2,-0.524,-0.184,Low,,,,,,0.125,0.5
16vjZ_KOMG7UcKz,2026-09-29T22:38:20Z,predicted,0.425,Low,0.7,1.2,-0.524,-0.184,Low,,,,,,0.125,0.5
G5vVZ_8mNGpOh,2026-09-29T22:38:20Z,predicted,0.6,Med,1.2,1.8,-0.184,0.224,Low,,,,,,1,0.5
vv1AvZkffGkeEHXlm,2026-09-29T22:38:20Z,predicted,0.6,Med,1.2,1.8,-0.184,0.224,Low,,,,,,1,0.5
17k8v0G62280U4b,2026-09-29T22:38:20Z,predicted,0.45,Low,0.7,1.2,-0.524,-0.184,Low,,,,,,0.25,0.5
17k8v0G6228dkfI,2026-09-29T22:38:20Z,predicted,0.45,Low,0.7,1.2,-0.524,-0.184,Low,,,,,,0.25,0.5
17k8v0G622oNpbF,2026-09-29T22:38:20Z,predicted,0.45,Low,0.7,1.2,-0.524,-0.184,Low,,,,,,0.25,0.5
vv1AkZkfgGkeSaiNn,2026-09-30T05:32:38Z,predicted,0.45,Low,0.7,1.2,-0.524,-0.184,Low,,,,,,0.25,0.5
G5viZ_KjEXVtC,2026-09-30T05:32:38Z,predicted,0.4286,Low,0.7,1.2,-0.524,-0.184,Low,,,,,,0.1429,0.5
G5viZ_FUO1aHK,2026-09-30T05:32:38Z,predicted,0.4286,Low,0.7,1.2,-0.524,-0.184,Low,,,,,,0.1429,0.5
1A4ZkfMGkeJxp8r,2026-09-30T05:32:38Z,predicted,0.4061,Low,0.7,1.2,-0.524,-0.184,Low,,,,,,0.0303,0.5
1A4ZkfwGkeT7cFE,2026-09-30T05:32:38Z,predicted,0.404,Low,0.7,1.2,-0.524,-0.184,Low,,,,,,0.02,0.5
1AYZkfsGkdUbyXp,2026-09-30T05:32:38Z,predicted,0.4061,Low,0.7,1.2,-0.524,-0.184,Low,,,,,,0.0303,0.5
1ApZkfsGkdQpqGI,2026-09-30T05:32:38Z,predicted,0.404,Low,0.7,1.2,-0.524,-0.184,Low,,,,,,0.02,0.5
1AxZkfUGkdWFF3Y,2026-09-30T05:32:38Z,predicted,0.404,Low,0.7,1.2,-0.524,-0.184,Low,,,,,,0.02,0.5
G5diZ_Kr8E3Se,2026-09-30T05:32:38Z,predicted,0.4811,Med,1.2,1.8,-0.184,0.224,Low,,,,,,0.0303,1
G5eVZ_KLLJEQL,2026-09-30T05:32:38Z,predicted,0.4061,Low,0.7,1.2,-0.524,-0.184,Low,,,,,,0.0303,0.5
G5eVZ_Kpqg6lj,2026-09-30T05:32:38Z,predicted,0.404,Low,0.7,1.2,-0.524,-0.184,Low,,,,,,0.02,0.5
G5vVZ_K5DwnJz,2026-09-30T05:32:38Z,predicted,0.479,Med,1.2,1.8,-0.184,0.224,Low,,,,,,0.02,1
G5vVZ_KertUQU,2026-09-30T05:32:38Z,predicted,0.675,Med,1.2,1.8,-0.184,0.224,Low,,,,,,1,1
k7vGF_K9lboi8,2026-09-30T05:32:38Z,predicted,0.404,Low,0.7,1.2,-0.524,-0.184,Low,,,,,,0.02,0.5
vv1A8vPuzGA1baPr,2026-09-30T05:32:38Z,predicted,0.4061,Low,0.7,1.2,-0.524,-0.184,Low,,,,,,0.0303,0.5
vv1AAZkfUGkden0Bc,2026-09-30T05:32:38Z,predicted,0.404,Low,0.7,1.2,-0.524,-0.184,Low,,,,,,0.02,0.5
vv1AAZkfgGkeU7rBe,2026-09-30T05:32:38Z,predicted,0.4061,Low,0.7,1.2,-0.524,-0.184,Low,,,,,,0.0303,0.5
vv1AFZkfMGkdD0jD5,2026-09-30T05:32:38Z,predicted,0.4061,Low,0.7,1.2,-0.524,-0.184,Low,,,,,,0.0303,0.5
vv1AeZkfUGkemPa0J,2026-09-30T05:32:38Z,predicted,0.404,Low,0.7,1.2,-0.524,-0.184,Low,,,,,,0.02,0.5
vv1kv8vPu8GA1iLbE,2026-09-30T05:32:38Z,predicted,0.404,Low,0.7,1.2,-0.524,-0.184,Low,,,,,,0.02,0.5
vvG1VZ_KhvmypQ,2026-09-30T05:32:38Z,predicted,0.404,Low,0.7,1.2,-0.524,-0.184,Low,,,,,,0.02,0.5
1AOZkfgGkd6YdLE,2026-09-30T05:32:38Z,predicted,0.404,Low,0.7,1.2,-0.524,-0.184,Low,,,,,,0.02,0.5
G5dIZ_K1qabC1,2026-09-30T05:32:38Z,predicted,0.4061,Low,0.7,1.2,-0.524,-0.184,Low,,,,,,0.0303,0.5
G5dIZ_Kh8LC6s,2026-09-30T05:32:38Z,predicted,0.404,Low,0.7,1.2,-0.524,-0.184,Low,,,,,,0.02,0.5
G5dIZ_Kko6pz2,2026-09-30T05:32:38Z,predicted,0.4061,Low,0.7,1.2,-0.524,-0.184,Low,,,,,,0.0303,0.5
G5viZ_KqSM0Og,2026-09-30T05:32:38Z,predicted,0.4061,Low,0.7,1.2,-0.524,-0.184,Low,,,,,,0.0303,0.5
vv1A6ZkfgGkdRdJzE,2026-09-30T05:32:38Z,predicted,0.404,Low,0.7,1.2,-0.524,-0.184,Low,,,,,,0.02,0.5
vv1A7ZkfgGkenM_SZ,2026-09-30T05:32:38Z,predicted,0.4811,Med,1.2,1.8,-0.184,0.224,Low,,,,,,0.0303,1
vv1AkZkfUGkeg9cf6,2026-09-30T05:32:38Z,predicted,0.404,Low,0.7,1.2,-0.524,-0.184,Low,,,,,,0.02,0.5
vv1AkZkfgGkdlEtYo,2026-09-30T05:32:38Z,predicted,0.404,Low,0.7,1.2,-0.524,-0.184,Low,,,,,,0.02,0.5
vv1AkZkfsGkdlVc7g,2026-09-30T05:32:38Z,predicted,0.4061,Low,0.7,1.2,-0.524,-0.184,Low,,,,,,0.0303,0.5
vv1kvOvPuOGA1LaPX,2026-09-30T05:32:38Z,predicted,0.404,Low,0.7,1.2,-0.524,-0.184,Low,,,,,,0.02,0.5
vv1kvOvPu_GA2r6BF,2026-09-30T05:32:38Z,predicted,0.4061,Low,0.7,1.2,-0.524,-0.184,Low,,,,,,0.0303,0.5
vvG1YZ_3lPl3yg,2026-09-30T05:32:38Z,predicted,0.404,Low,0.7,1.2,-0.524,-0.184,Low,,,,,,0.02,0.5
G5vzZ_KkRpbyy,2026-09-30T05:32:38Z,predicted,0.404,Low,0.7,1.2,-0.524,-0.184,Low,,,,,,0.02,0.5
1A9ZkfyGkemBToj,2026-09-30T05:32:38Z,predicted,0.4059,Low,0.7,1.2,-0.524,-0.184,Low,,,,,,0.0294,0.5
G5vYZ_K6tphZ4,2026-09-30T05:32:38Z,predicted,0.4061,Low,0.7,1.2,-0.524,-0.184,Low,,,,,,0.0303,0.5
vv110Z_KQbPJub,2026-09-30T05:32:38Z,predicted,0.479,Med,1.2,1.8,-0.184,0.224,Low,,,,,,0.02,1
vv170Z_KGkRLZQWI,2026-09-30T05:32:38Z,predicted,0.479,Med,1.2,1.8,-0.184,0.224,Low,,,,,,0.02,1
vv1AaZkfUGkdNwr6L,2026-09-30T05:32:38Z,predicted,0.4811,Med,1.2,1.8,-0.184,0.224,Low,,,,,,0.0303,1
vvG1HZ_KF6I_hN,2026-09-30T05:32:38Z,predicted,0.4061,Low,0.7,1.2,-0.524,-0.184,Low,,,,,,0.0303,0.5
vvG1HZ_Kpe4N79,2026-09-30T05:32:38Z,predicted,0.4061,Low,0.7,1.2,-0.524,-0.184,Low,,,,,,0.0303,0.5
vvG1IZ_K_8QjMi,2026-09-30T05:32:38Z,predicted,0.4061,Low,0.7,1.2,-0.524,-0.184,Low,,,,,,0.0303,0.5
1A4ZkfwGkdU1_Zg,2026-09-30T12:34:27Z,predicted,0.4074,Low,0.7,1.2,-0.524,-0.184,Low,,,,,,0.037,0.5
1AeFZ_3GkDWDk5A,2026-09-30T12:34:27Z,predicted,0.4069,Low,0.7,1.2,-0.524,-0.184,Low,,,,,,0.0345,0.5
1AvbZ_3GkTIMCNy,2026-09-30T12:34:27Z,predicted,0.4069,Low,0.7,1.2,-0.524,-0.184,Low,,,,,,0.0345,0.5
1AvfZ_3GkBsS6TR,2026-09-30T12:34:27Z,predicted,0.4069,Low,0.7,1.2,-0.524,-0.184,Low,,,,,,0.0345,0.5
k7vGF_K6Y5uWc,2026-09-30T12:34:27Z,predicted,0.4819,Med,1.2,1.8,-0.184,0.224,Low,,,,,,0.0345,1
k7vGF_KQ-E_YF,2026-09-30T12:34:27Z,predicted,0.4824,Med,1.2,1.8,-0.184,0.224,Low,,,,,,0.037,1
vv17fZ_3GkluKmo_,2026-09-30T12:34:27Z,predicted,0.4069,Low,0.7,1.2,-0.524,-0.184,Low,,,,,,0.0345,0.5
vv1AFZkfwGkdDfuvd,2026-09-30T12:34:27Z,predicted,0.4074,Low,0.7,1.2,-0.524,-0.184,Low,,,,,,0.037,0.5
vv1AFZkfxGkeSF0Dw,2026-09-30T12:34:27Z,predicted,0.4069,Low,0.7,1.2,-0.524,-0.184,Low,,,,,,0.0345,0.5
vv1AvZkftGkexzmrt,2026-09-30T12:34:27Z,predicted,0.4069,Low,0.7,1.2,-0.524,-0.184,Low,,,,,,0.0345,0.5
vv1aOvPuf-ZF9v5,2026-09-30T12:34:27Z,predicted,0.4074,Low,0.7,1.2,-0.524,-0.184,Low,,,,,,0.037,0.5
vvG1VZ_3BJCJR0,2026-09-30T12:34:27Z,predicted,0.4069,Low,0.7,1.2,-0.524,-0.184,Low,,,,,,0.0345,0.5
vvG1VZ_3Xxt6_9,2026-09-30T12:34:27Z,predicted,0.4069,Low,0.7,1.2,-0.524,-0.184,Low,,,,,,0.0345,0.5
vvG1zZ_3Dh5HjB,2026-09-30T12:34:27Z,predicted,0.4069,Low,0.7,1.2,-0.524,-0.184,Low,,,,,,0.0345,0.5
vvG1zZ_KGj9z2e,2026-09-30T12:34:27Z,predicted,0.4074,Low,0.7,1.2,-0.524,-0.184,Low,,,,,,0.037,0.5
G5dIZ_3r-JkHD,2026-09-30T12:34:27Z,predicted,0.4069,Low,0.7,1.2,-0.524,-0.184,Low,,,,,,0.0345,0.5
vv11bZ_KF-OVb0,2026-09-30T12:34:27Z,predicted,0.4074,Low,0.7,1.2,-0.524,-0.184,Low,,,,,,0.037,0.5
vv178Z_oGkMZy5fZ,2026-09-30T12:34:27Z,predicted,0.4819,Med,1.2,1.8,-0.184,0.224,Low,,,,,,0.0345,1
vv17bZ_3GkBzSymO,2026-09-30T12:34:27Z,predicted,0.4069,Low,0.7,1.2,-0.524,-0.184,Low,,,,,,0.0345,0.5
vv17bZ_3GkDZh1RC,2026-09-30T12:34:27Z,predicted,0.4069,Low,0.7,1.2,-0.524,-0.184,Low,,,,,,0.0345,0.5
vv1A7ZkfUGkegDi06,2026-09-30T12:34:27Z,predicted,0.4824,Med,1.2,1.8,-0.184,0.224,Low,,,,,,0.037,1
vvG1YZ_K69fCzG,2026-09-30T12:34:27Z,predicted,0.4069,Low,0.7,1.2,-0.524,-0.184,Low,,,,,,0.0345,0.5
vvG1YZ_KG_q-iH,2026-09-30T12:34:27Z,predicted,0.4074,Low,0.7,1.2,-0.524,-0.184,Low,,,,,,0.037,0.5
G5vzZ_3nsybUv,2026-09-30T12:34:27Z,predicted,0.4069,Low,0.7,1.2,-0.524,-0.184,Low,,,,,,0.0345,0.5
16v0Z_3J3G7WUjQ,2026-09-30T12:34:27Z,predicted,0.4069,Low,0.7,1.2,-0.524,-0.184,Low,,,,,,0.0345,0.5
1A_ZkfYGkeij9ZW,2026-09-30T12:34:27Z,predicted,0.4143,Low,0.7,1.2,-0.524,-0.184,Low,,,,,,0.0714,0.5
vv1Fe8vPG33pZ72Fk7,2026-09-30T12:34:27Z,predicted,0.4819,Med,1.2,1.8,-0.184,0.224,Low,,,,,,0.0345,1
vv1ke8vPGbGAuTgRG,2026-09-30T12:34:27Z,predicted,0.4819,Med,1.2,1.8,-0.184,0.224,Low,,,,,,0.0345,1
vvG1IZ_K1t1bxe,2026-09-30T12:34:27Z,predicted,0.45,Low,0.7,1.2,-0.524,-0.184,Low,,,,,,0.25,0.5
1A4ZkfMGkePwkuJ,2026-09-30T12:34:27Z,predicted,0.4065,Low,0.7,1.2,-0.524,-0.184,Low,,,,,,0.0323,0.5
1A4ZkfwGkeT7cFE,2026-09-30T12:34:27Z,predicted,0.4039,Low,0.7,1.2,-0.524,-0.184,Low,,,,,,0.0196,0.5
1ApZkfsGkdQpqGI,2026-09-30T12:34:27Z,predicted,0.4039,Low,0.7,1.2,-0.524,-0.184,Low,,,,,,0.0196,0.5
1AxZkfUGkdWFF3Y,2026-09-30T12:34:27Z,predicted,0.4039,Low,0.7,1.2,-0.524,-0.184,Low,,,,,,0.0196,0.5
G5eVZ_Kpqg6lj,2026-09-30T12:34:27Z,predicted,0.4039,Low,0.7,1.2,-0.524,-0.184,Low,,,,,,0.0196,0.5
G5vVZ_K5DwnJz,2026-09-30T12:34:27Z,predicted,0.4789,Med,1.2,1.8,-0.184,0.224,Low,,,,,,0.0196,1
k7vGF_K9lboi8,2026-09-30T12:34:27Z,predicted,0.4039,Low,0.7,1.2,-0.524,-0.184,Low,,,,,,0.0196,0.5
k7vGF_KE2muse,2026-09-30T12:34:27Z,predicted,0.4815,Med,1.2,1.8,-0.184,0.224,Low,,,,,,0.0323,1
vv177Z_KGklhkgP3,2026-09-30T12:34:27Z,predicted,0.4071,Low,0.7,1.2,-0.524,-0.184,Low,,,,,,0.0357,0.5
vv1AAZkfUGkden0Bc,2026-09-30T12:34:27Z,predicted,0.4039,Low,0.7,1.2,-0.524,-0.184,Low,,,,,,0.0196,0.5
vv1AOvPCeGAuJWDo,2026-09-30T12:34:27Z,predicted,0.4065,Low,0.7,1.2,-0.524,-0.184,Low,,,,,,0.0323,0.5
vv1AeZkfUGkemPa0J,2026-09-30T12:34:27Z,predicted,0.4039,Low,0.7,1.2,-0.524,-0.184,Low,,,,,,0.0196,0.5
vv1AvZkfzGkd_vPbt,2026-09-30T12:34:27Z,predicted,0.4065,Low,0.7,1.2,-0.524,-0.184,Low,,,,,,0.0323,0.5
vv1kv8vPu8GA1iLbE,2026-09-30T12:34:27Z,predicted,0.4039,Low,0.7,1.2,-0.524,-0.184,Low,,,,,,0.0196,0.5
vvG1OZ_2BUSzFH,2026-09-30T12:34:27Z,predicted,0.4065,Low,0.7,1.2,-0.524,-0.184,Low,,,,,,0.0323,0.5
vvG1VZ_KhvmypQ,2026-09-30T12:34:27Z,predicted,0.4039,Low,0.7,1.2,-0.524,-0.184,Low,,,,,,0.0196,0.5
vvG1zZ_KNffIr8,2026-09-30T12:34:27Z,predicted,0.4065,Low,0.7,1.2,-0.524,-0.184,Low,,,,,,0.0323,0.5
1AOZkfgGkd6YdLE,2026-09-30T12:34:27Z,predicted,0.4039,Low,0.7,1.2,-0.524,-0.184,Low,,,,,,0.0196,0.5
G5dIZ_Kh8LC6s,2026-09-30T12:34:27Z,predicted,0.4039,Low,0.7,1.2,-0.524,-0.184,Low,,,,,,0.0196,0.5
G5dIZ_KxYR19R,2026-09-30T12:34:27Z,predicted,0.4065,Low,0.7,1.2,-0.524,-0.184,Low,,,,,,0.0323,0.5
vv1A6ZkfgGkdRdJzE,2026-09-30T12:34:27Z,predicted,0.4039,Low,0.7,1.2,-0.524,-0.184,Low,,,,,,0.0196,0.5
vv1AkZkfUGkeg9cf6,2026-09-30T12:34:27Z,predicted,0.4039,Low,0.7,1.2,-0.524,-0.184,Low,,,,,,0.0196,0.5
vv1AkZkfgGkdlEtYo,2026-09-30T12:34:27Z,predicted,0.4039,Low,0.7,1.2,-0.524,-0.184,Low,,,,,,0.0196,0.5
vv1kvOvPuOGA1LaPX,2026-09-30T12:34:27Z,predicted,0.4039,Low,0.7,1.2,-0.524,-0.184,Low,,,,,,0.0196,0.5
vvG1YZ_3lPl3yg,2026-09-30T12:34:27Z,predicted,0.4039,Low,0.7,1.2,-0.524,-0.184,Low,,,,,,0.0196,0.5
G5vzZ_KSnNSNF,2026-09-30T12:34:27Z,predicted,0.4065,Low,0.7,1.2,-0.524,-0.184,Low,,,,,,0.0323,0.5
G5vzZ_KkRpbyy,2026-09-30T12:34:27Z,predicted,0.4039,Low,0.7,1.2,-0.524,-0.184,Low,,,,,,0.0196,0.5
vv110Z_KQbPJub,2026-09-30T12:34:27Z,predicted,0.4789,Med,1.2,1.8,-0.184,0.224,Low,,,,,,0.0196,1
vv170Z_KGkRLZQWI,2026-09-30T12:34:27Z,predicted,0.4789,Med,1.2,1.8,-0.184,0.224,Low,,,,,,0.0196,1
vv170Z_KGkSpgYcw,2026-09-30T12:34:27Z,predicted,0.4917,Med,1.2,1.8,-0.184,0.224,Low,,,,,,0.0833,1
vv170Z_KGkYg1uF7,2026-09-30T12:34:27Z,predicted,0.675,Med,1.2,1.8,-0.184,0.224,Low,,,,,,1,1
vv1AaZkfzGkdgIf3h,2026-09-30T12:34:27Z,predicted,0.4815,Med,1.2,1.8,-0.184,0.224,Low,,,,,,0.0323,1
1AeFZ_KGkwS2V1v,2026-09-30T12:34:27Z,predicted,0.4071,Low,0.7,1.2,-0.524,-0.184,Low,,,,,,0.0357,0.5
G5eVZ_KElMFRY,2026-09-30T12:34:27Z,predicted,0.4071,Low,0.7,1.2,-0.524,-0.184,Low,,,,,,0.0357,0.5
G5eVZ_KwE-a0J,2026-09-30T12:34:27Z,predicted,0.4071,Low,0.7,1.2,-0.524,-0.184,Low,,,,,,0.0357,0.5
G5viZ_KwBZqK4,2026-09-30T12:34:27Z,predicted,0.4071,Low,0.7,1.2,-0.524,-0.184,Low,,,,,,0.0357,0.5
vv1AeZkfyGkd69vbI,2026-09-30T12:34:27Z,predicted,0.4071,Low,0.7,1.2,-0.524,-0.184,Low,,,,,,0.0357,0.5
